ID,Type,SKU,Name,Published,Is featured?,Visibility in catalog,Short description,Description,Date sale price starts,Date sale price ends,Tax status,Tax class,In stock?,Stock,Low stock amount,Backorders allowed?,Sold individually?,Weight (kg),Length (cm),Width (cm),Height (cm),Allow customer reviews?,Purchase note,Sale price,Regular price,Categories,Tags,Shipping class,Images,Download limit,Download expiry days,Parent,Grouped products,Upsells,Cross-sells,External URL,Button text,Position,Attribute 1 name,Attribute 1 value(s),Attribute 1 visible,Attribute 1 global,Attribute 2 name,Attribute 2 value(s),Attribute 2 visible,Attribute 2 global,Attribute 2 default,Attribute 3 name,Attribute 3 value(s),Attribute 3 visible,Attribute 3 global,Attribute 4 name,Attribute 4 value(s),Attribute 4 visible,Attribute 4 global,Attribute 4 default,Attribute 5 name,Attribute 5 value(s),Attribute 5 visible,Attribute 5 global,Attribute 6 name,Attribute 6 value(s),Attribute 6 visible,Attribute 6 global,Attribute 3 default,Attribute 6 default
4001,simple,23445,Angel Wall Mixer 3 in 1 System - 23445,1,1,visible,,,,,taxable,,1,9,,0,0,,,,,1,,4675,5500,Taps & Mixers,,,https://i.postimg.cc/VN5nbtGB/23445.jpg,,,,,,,,,,Finish,Chrome,1,0,Material,Brass ,1,0,,Package Content,One Wall Mixer,1,0,Key Feature,Anti Corrosive and Easy to Clean..,1,0,,Brand Name,Elvis,1,0,,,1,0,,
4002,simple,23318,Angel Wall Mixer with Stand - 23318,1,1,visible,,,,,taxable,,1,4,,0,0,,,,,1,,4335,5100,Taps & Mixers,,,https://i.postimg.cc/X78CHLtk/23318-23333.jpg,,,,,,,,,,Finish,Chrome,1,0,Material,Brass ,1,0,,Package Content,One Wall Mixer,1,,Key Feature,Anti Corrosive and Easy to Clean..,1,0,,Brand Name,Elvis,1,0,,,1,,,
4003,simple,23999,Angel Swan Neck with D Bend Spout - 23999,1,1,visible,,,,,taxable,,1,18,,0,0,,,,,1,,1870,2200,Taps & Mixers,,,https://i.postimg.cc/tC2stTVr/23999.jpg,,,,,,,,,,Finish,Chrome,1,0,Material,Brass ,1,0,,Package Content,One Sink Cock,1,,Key Feature,Anti Corrosive and Easy to Clean..,1,0,,Brand Name,Elvis,1,0,,,1,,,
4004,simple,23089,Angel Two Way Bib Cock - 23089,1,0,visible,,,,,taxable,,1,11,,0,0,,,,,1,,1466,1725,Taps & Mixers,,,https://i.postimg.cc/vZCH368v/23089.jpg,,,,,,,,,,Finish,Chrome,1,0,Material,Brass ,1,0,,Package Content,One Bib Cock (2 Way),1,,Key Feature,Anti Corrosive and Easy to Clean..,1,0,,Brand Name,Elvis,1,0,,,1,,,
4005,simple,23103,Angel Angle Cock - 23103,1,0,visible,,,,,taxable,,1,25,,0,0,,,,,1,,850,1000,Bathroom > Accessories > Angle Cock,,,https://i.postimg.cc/85mppKRy/23103.jpg,,,,,,,,,,Finish,Chrome,1,0,Material,Brass ,1,0,,Package Content,One Angle Cock,1,,Key Feature,Anti Corrosive and Easy to Clean..,1,0,,Brand Name,Elvis,1,0,,,1,,,
4006,simple,23888,Angel Sink Cock With D Bend Spout - 23888,1,0,visible,,,,,taxable,,1,68,,0,0,,,,,1,,1870,2200,Taps & Mixers,,,https://i.postimg.cc/8CVg7dPx/23888.jpg,,,,,,,,,,Finish,Chrome,1,0,Material,Brass ,1,0,,Package Content,One Sink Cock,1,,Key Feature,Anti Corrosive and Easy to Clean..,1,0,,Brand Name,Elvis,1,0,,,,,,
4007,simple,23019,Angel Pillar Cock Extended Body - 23019,1,0,visible,,,,,taxable,,1,9,,0,0,,,,,1,,1692,1990,Taps & Mixers,,,https://i.postimg.cc/fWg4cQRc/23019.jpg,,,,,,,,,,Finish,Chrome,1,0,Material,Brass ,1,0,,Package Content,One Pillar Cock,1,,Key Feature,Anti Corrosive and Easy to Clean..,1,0,,Brand Name,Elvis,1,0,,,,,,
4008,simple,23152,Angel Concealed Stop Cock 20mm - 23152,1,0,visible,,,,,taxable,,1,43,,0,0,,,,,1,,1063,1250,Taps & Mixers,,,https://i.postimg.cc/Y9qVFdcD/23152.jpg,,,,,,,,,,Finish,Chrome,1,0,Material,Brass ,1,0,,Package Content,One Concealed Stop Cock,1,,Key Feature,Anti Corrosive and Easy to Clean..,1,0,,Brand Name,Elvis,1,0,,,,,,
4009,simple,23049,Angel Exposed Kit for Single Lever Diverter Body High Flow (Suitable for ALD 049) - 23049K,1,0,visible,,,,,taxable,,1,80,,0,0,,,,,1,,1445,1700,Taps & Mixers,,,https://i.postimg.cc/3NkcSWxg/23049K.jpg,,,,,,,,,,Finish,Chrome,1,0,Material,Brass ,1,0,,Package Content,One Diverter Body (High Flow),1,,Key Feature,Anti Corrosive and Easy to Clean..,1,0,,Brand Name,Elvis,1,0,,,,,,
4010,simple,23011,Angel Pillar Cock - 23011,1,0,visible,,,,,taxable,,1,128,,0,0,,,,,1,,1190,1400,Taps & Mixers,,,https://i.postimg.cc/5NFr8HGJ/23011.jpg,,,,,,,,,,Finish,Chrome,1,0,Material,Brass ,1,0,,Package Content,One Pillar Cock,1,,Key Feature,Anti Corrosive and Easy to Clean..,1,0,,Brand Name,Elvis,1,0,,,,,,
4011,simple,23798,Angel Swan Neck Extended Spout - 23798,1,0,visible,,,,,taxable,,1,4,,0,0,,,,,1,,1551,1825,Taps & Mixers,,,https://i.postimg.cc/YCKsRrKW/23798.jpg,,,,,,,,,,Finish,Chrome,1,0,Material,Brass ,1,0,,Package Content,One Sink Cock,1,,Key Feature,Anti Corrosive and Easy to Clean..,1,0,,Brand Name,Elvis,1,0,,,,,,
4012,simple,23522,Angel Sink Cock - 23522,1,0,visible,,,,,taxable,,1,22,,0,0,,,,,1,,1445,1700,Kitchen > Kitchen Mixers,,,https://i.postimg.cc/0rgcVf3s/23522.jpg,,,,,,,,,,Finish,Chrome,1,0,Material,Brass ,1,0,,Package Content,One Sink Cock,1,,Key Feature,Anti Corrosive and Easy to Clean..,1,0,,Brand Name,Elvis,1,0,,,,,,
4013,simple,23793,Angel Swan Neck - 23793,1,0,visible,,,,,taxable,,1,15,,0,0,,,,,1,,1517,1785,Taps & Mixers,,,https://i.postimg.cc/cLWNHMJ2/23793.jpg,,,,,,,,,,Finish,Chrome,1,0,Material,Brass ,1,0,,Package Content,One Sink Cock,1,,Key Feature,Anti Corrosive and Easy to Clean..,1,0,,Brand Name,Elvis,1,0,,,,,,
4014,simple,23535,Angel Sink Cock Extended Spout - 23535,1,0,visible,,,,,taxable,,1,27,,0,0,,,,,1,,1551,1825,Kitchen > Kitchen Mixers,,,https://i.postimg.cc/Jh6wPfQC/23535.jpg,,,,,,,,,,Finish,Chrome,1,0,Material,Brass ,1,0,,Package Content,One Sink Cock,1,,Key Feature,Anti Corrosive and Easy to Clean..,1,0,,Brand Name,Elvis,1,0,,,,,,
4015,simple,26049k,Opal Exposed Kit for Single Lever Diverter Body High Flow (Suitable for ALD-049) - 26049K,1,0,visible,,,,,taxable,,1,9,,0,0,,,,,1,,1360,1600,Taps & Mixers,,,https://i.postimg.cc/rwwQQKZz/26049K.jpg,,,,,,,,,,Finish,Chrome,1,0,Material,Brass ,1,0,,Package Content,One Diverter Body (High Flow),1,,Key Feature,Anti Corrosive and Easy to Clean..,1,0,,Brand Name,Elvis,1,0,,,,,,
4016,simple,26019,Opal Pillar Cock Extended Body - 26019,1,0,visible,,,,,taxable,,1,9,,0,0,,,,,1,,1699,1999,Taps & Mixers,,,https://i.postimg.cc/ncc4tN4P/26019.jpg,,,,,,,,,,Finish,Chrome,1,0,Material,Brass ,1,0,,Package Content,One Pillar Cock,1,,Key Feature,Anti Corrosive and Easy to Clean..,1,0,,Brand Name,Elvis,1,0,,,,,,
4017,simple,26333,Opal Wall Mixer with Bend (High Flow) - 26333,1,0,visible,,,,,taxable,,1,18,,0,0,,,,,1,,3226,3795,Taps & Mixers,,,https://i.postimg.cc/k4vb0yBC/26333.jpg,,,,,,,,,,Finish,Chrome,1,0,Material,Brass ,1,0,,Package Content,One Wall Mixer,1,,Key Feature,Anti Corrosive and Easy to Clean..,1,0,,Brand Name,Elvis,1,0,,,,,,
4018,simple,26445,Opal Wall Mixer 3 in 1 System (High Flow) - 26445,1,0,visible,,,,,taxable,,1,6,,0,0,,,,,1,,3396,3995,Taps & Mixers,,,https://i.postimg.cc/nrVDpQDD/26445.jpg,,,,,,,,,,Finish,Chrome,1,0,Material,Brass ,1,0,,Package Content,One Wall Mixer,1,,Key Feature,Anti Corrosive and Easy to Clean..,1,0,,Brand Name,Elvis,1,0,,,,,,
4019,simple,26152,Opal Concealed Stop Cock 20mm - 26152,1,0,visible,,,,,taxable,,1,10,,0,0,,,,,1,,1020,1200,Taps & Mixers,,,https://i.postimg.cc/SQV9VVB7/26152.jpg,,,,,,,,,,Finish,Chrome,1,0,Material,Brass ,1,0,,Package Content,One Concealed Stop Cock,1,,Key Feature,Anti Corrosive and Easy to Clean..,1,0,,Brand Name,Elvis,1,0,,,,,,
4020,simple,26103,Opal Angle Cock - 26103,1,0,visible,,,,,taxable,,1,1,,0,0,,,,,1,,595,700,Bathroom > Accessories > Angle Cock,,,https://i.postimg.cc/zXBgQK5m/26103.jpg,,,,,,,,,,Finish,Chrome,1,0,Material,Brass ,1,0,,Package Content,One Angle Cock,1,,Key Feature,Anti Corrosive and Easy to Clean..,1,0,,Brand Name,Elvis,1,0,,,,,,
4021,simple,26011,Opal Pillar Cock - 26011,1,0,visible,,,,,taxable,,1,59,,0,0,,,,,1,,849,999,Taps & Mixers,,,https://i.postimg.cc/6qS5g7Lw/26011.jpg,,,,,,,,,,Finish,Chrome,1,0,Material,Brass ,1,0,,Package Content,One Pillar Cock,1,,Key Feature,Anti Corrosive and Easy to Clean..,1,0,,Brand Name,Elvis,1,0,,,,,,
4022,simple,26798,Opal Swan Neck Extended Spout - 26798,1,0,visible,,,,,taxable,,1,41,,0,0,,,,,1,,1445,1700,Taps & Mixers,,,https://i.postimg.cc/TwNR5ysm/26798.jpg,,,,,,,,,,Finish,Chrome,1,0,Material,Brass ,1,0,,Package Content,One Sink Cock,1,,Key Feature,Anti Corrosive and Easy to Clean..,1,0,,Brand Name,Elvis,1,0,,,,,,
4023,simple,26522,Opal Sink Cock -26522,1,0,visible,,,,,taxable,,1,19,,0,0,,,,,1,,1318,1550,Kitchen > Kitchen Mixers,,,https://i.postimg.cc/Mp0qb34z/26522.jpg,,,,,,,,,,Finish,Chrome,1,0,Material,Brass ,1,0,,Package Content,One Sink Cock,1,,Key Feature,Anti Corrosive and Easy to Clean..,1,0,,Brand Name,Elvis,1,0,,,,,,
4024,simple,26535,Opal Sink Cock Extended Spout - 26535,1,0,visible,,,,,taxable,,1,54,,0,0,,,,,1,,1445,1700,Kitchen > Kitchen Mixers,,,https://i.postimg.cc/d1fYtb7j/26535.jpg,,,,,,,,,,Finish,Chrome,1,0,Material,Brass ,1,0,,Package Content,One Sink Cock,1,,Key Feature,Anti Corrosive and Easy to Clean..,1,0,,Brand Name,Elvis,1,0,,,,,,
4025,simple,27019,Euromix Pillar Cock Extended Body - 27019,1,0,visible,,,,,taxable,,1,64,,0,0,,,,,1,,1692,1990,Taps & Mixers,,,https://i.postimg.cc/nhxCJmfc/27019.jpg,,,,,,,,,,Finish,Chrome,1,0,Material,Brass ,1,0,,Package Content,One Pillar Cock,1,,Key Feature,Anti Corrosive and Easy to Clean..,1,0,,Brand Name,Elvis,1,0,,,,,,
4026,simple,27152,Euromix Concealed Stop Cock 20 mm - 27152,1,0,visible,,,,,taxable,,1,13,,0,0,,,,,1,,1020,1200,Taps & Mixers,,,https://i.postimg.cc/2Sx385Cd/27152.jpg,,,,,,,,,,Finish,Chrome,1,0,Material,Brass ,1,0,,Package Content,One Concealed Stop Cock,1,,Key Feature,Anti Corrosive and Easy to Clean..,1,0,,Brand Name,Elvis,1,0,,,,,,
4027,simple,27103,Euromix Angle Cock,1,0,visible,,,,,taxable,,1,104,,0,0,,,,,1,,638,750,Bathroom > Accessories > Angle Cock,,,https://i.postimg.cc/6qRpsWHv/27103.jpg,,,,,,,,,,Finish,Chrome,1,0,Material,Brass ,1,0,,Package Content,One Angle Cock,1,,Key Feature,Anti Corrosive and Easy to Clean..,1,0,,Brand Name,Elvis,1,0,,,,,,
4028,simple,27049K,Euromix Exposed Kit for Single Lever Diverter Body High Flow (Suitable for ALD 049) - 27049K,1,0,visible,,,,,taxable,,1,109,,0,0,,,,,1,,893,1050,Taps & Mixers,,,https://i.postimg.cc/wj9TPdD1/27049K.jpg,,,,,,,,,,Finish,Chrome,1,0,Material,Brass ,1,0,,Package Content,One Diverter Body (High Flow),1,,Key Feature,Anti Corrosive and Easy to Clean..,1,0,,Brand Name,Elvis,1,0,,,,,,
4029,simple,27011,Euromix Pillar Cock - 27011,1,0,visible,,,,,taxable,,1,37,,0,0,,,,,1,,935,1100,Taps & Mixers,,,https://i.postimg.cc/zGpXYPk0/27011.jpg,,,,,,,,,,Finish,Chrome,1,0,Material,Brass ,1,0,,Package Content,One Pillar Cock,1,,Key Feature,Anti Corrosive and Easy to Clean..,1,0,,Brand Name,Elvis,1,0,,,,,,
4030,simple,27798,Euromix Swan Neck Extended Spout - 27798,1,0,visible,,,,,taxable,,1,21,,0,0,,,,,1,,1445,1700,Taps & Mixers,,,https://i.postimg.cc/8PS1JVKZ/27793-27798.jpg,,,,,,,,,,Finish,Chrome,1,0,Material,Brass ,1,0,,Package Content,One Sink Cock,1,,Key Feature,Anti Corrosive and Easy to Clean..,1,0,,Brand Name,Elvis,1,0,,,,,,
4031,simple,27030,Euromix Single Lever Basin Mixer Extended Body - 27030,1,0,visible,,,,,taxable,,1,1,,0,0,,,,,1,,3825,4500,Taps & Mixers,,,https://i.postimg.cc/QxJjcnvh/27030.jpg,,,,,,,,,,Finish,Chrome,1,0,Material,Brass ,1,0,,Package Content,One Basin Mixer,1,,Key Feature,Anti Corrosive and Easy to Clean..,1,0,,Brand Name,Elvis,1,0,,,,,,
4032,simple,27522,Euromix Sink Cock - 27522,1,0,visible,,,,,taxable,,1,3,,0,0,,,,,1,,1335,1570,Kitchen > Kitchen Mixers,,,https://i.postimg.cc/4NPTYHh3/27522-27535.jpg,,,,,,,,,,Finish,Chrome,1,0,Material,Brass ,1,0,,Package Content,One Sink Cock,1,,Key Feature,Anti Corrosive and Easy to Clean..,1,0,,Brand Name,Elvis,1,0,,,,,,
4033,simple,27535,Euromix Sink Cock Extended Spout - 27535,1,0,visible,,,,,taxable,,1,15,,0,0,,,,,1,,1445,1700,Kitchen > Kitchen Mixers,,,https://i.postimg.cc/4NPTYHh3/27522-27535.jpg,,,,,,,,,,Finish,Chrome,1,0,Material,Brass ,1,0,,Package Content,One Sink Cock,1,,Key Feature,Anti Corrosive and Easy to Clean..,1,0,,Brand Name,Elvis,1,0,,,,,,
4034,simple,27333,Euromix Wall Mixer with Bend (High Flow) - 27333,1,0,visible,,,,,taxable,,1,7,,0,0,,,,,1,,3222,3790,Taps & Mixers,,,https://i.postimg.cc/fWvPCnW2/27333.jpg,,,,,,,,,,Finish,Chrome,1,0,Material,Brass ,1,0,,Package Content,One Wall Mixer,1,,Key Feature,Anti Corrosive and Easy to Clean..,1,0,,Brand Name,Elvis,1,0,,,,,,
4035,simple,3043,Long Life Bib Cock with Aerator - 3043,1,0,visible,,,,,taxable,,1,60,,0,0,,,,,1,,616,725,Taps & Mixers,,,https://i.postimg.cc/YSgnmTyx/3043.jpg,,,,,,,,,,Finish,Chrome,1,0,Material,Brass ,1,0,,Package Content,One Bib Cock ,1,,Key Feature,Anti Corrosive and Easy to Clean..,1,0,,Brand Name,Elvis,1,0,,,,,,
4036,simple,3522,Long Life Sink Cock with Swinging Spout - 3522,1,0,visible,,,,,taxable,,1,37,,0,0,,,,,1,,1335,1570,Kitchen > Kitchen Mixers,,,https://i.postimg.cc/kGMfzGMj/3522.jpg,,,,,,,,,,Finish,Chrome,1,0,Material,Brass ,1,0,,Package Content,One Sink Cock,1,,Key Feature,Anti Corrosive and Easy to Clean..,1,0,,Brand Name,Elvis,1,0,,,,,,
4037,simple,3535,Long Life Sink Cock Extended Spout - 3535,1,0,visible,,,,,taxable,,1,11,,0,0,,,,,1,,1488,1750,Kitchen > Kitchen Mixers,,,https://i.postimg.cc/Gh2Xj45t/3535.jpg,,,,,,,,,,Finish,Chrome,1,0,Material,Brass ,1,0,,Package Content,One Sink Cock,1,,Key Feature,Anti Corrosive and Easy to Clean..,1,0,,Brand Name,Elvis,1,0,,,,,,
4038,simple,4445,Forma Wall Mixer 3 in 1 System with Provision for both Telephone & Over Head Shower with Bend Pipe (High Flow) - 4445,1,0,visible,,,,,taxable,,1,3,,0,0,,,,,1,,4590,5400,Taps & Mixers,,,https://i.postimg.cc/JhwKmP4H/4445.jpg,,,,,,,,,,Finish,Chrome,1,0,Material,Brass ,1,0,,Package Content,One Wall Mixer,1,,Key Feature,Anti Corrosive and Easy to Clean..,1,0,,Brand Name,Elvis,1,0,,,,,,
4039,simple,4027,Forma Pillar Cock with Extra Long Spout - 4027,1,0,visible,,,,,taxable,,1,8,,0,0,,,,,1,,1870,2200,Taps & Mixers,,,https://i.postimg.cc/nzpk9rmH/4027.jpg,,,,,,,,,,Finish,Chrome,1,0,Material,Brass ,1,0,,Package Content,One Pillar Cock,1,,Key Feature,Anti Corrosive and Easy to Clean..,1,0,,Brand Name,Elvis,1,0,,,,,,
4040,simple,14015,Forma Single Lever Basin Mixer - 14015,1,0,visible,,,,,taxable,,1,4,,0,0,,,,,1,,2975,3500,Taps & Mixers,,,https://i.postimg.cc/xC5PvQGL/14015.jpg,,,,,,,,,,Finish,Chrome,1,0,Material,Brass ,1,0,,Package Content,One Basin Mixer,1,,Key Feature,Anti Corrosive and Easy to Clean..,1,0,,Brand Name,Elvis,1,0,,,,,,
4041,simple,4011,Forma Pillar Cock - 4011,1,0,visible,,,,,taxable,,1,69,,0,0,,,,,1,,1063,1250,Taps & Mixers,,,https://i.postimg.cc/FzKVG6G8/4011.jpg,,,,,,,,,,Finish,Chrome,1,0,Material,Brass ,1,0,,Package Content,One Pillar Cock,1,,Key Feature,Anti Corrosive and Easy to Clean..,1,0,,Brand Name,Elvis,1,0,,,,,,
4042,simple,4103,Forma Angular Stop Cock with Long Thread & Flange - 4103,1,0,visible,,,,,taxable,,1,29,,0,0,,,,,1,,850,1000,Bathroom > Accessories > Angle Cock,,,https://i.postimg.cc/4485nJxg/4103.jpg,,,,,,,,,,Finish,Chrome,1,0,Material,Brass ,1,0,,Package Content,One Stop Cock,1,,Key Feature,Anti Corrosive and Easy to Clean..,1,0,,Brand Name,Elvis,1,0,,,,,,
4043,simple,14049k,Forma Exposed Kit for Single Lever Diverter Body High Flow (Suitable for ALD 049) - 14049K,1,0,visible,,,,,taxable,,1,44,,0,0,,,,,1,,1360,1600,Taps & Mixers,,,https://i.postimg.cc/JzXcTZcr/14049K.jpg,,,,,,,,,,Finish,Chrome,1,0,Material,Brass ,1,0,,Package Content,One Diverter Body (High Flow),1,,Key Feature,Anti Corrosive and Easy to Clean..,1,0,,Brand Name,Elvis,1,0,,,,,,
4044,simple,4333,Forma Wall Mixer with Provision for Overhead Shower with 115mm Long Bend Pipe & Wall Flange (High Flow) - 4333,1,0,visible,,,,,taxable,,1,10,,0,0,,,,,1,,4590,5400,Taps & Mixers,,,https://i.postimg.cc/nhHCvWr8/4333.jpg,,,,,,,,,,Finish,Chrome,1,0,Material,Brass ,1,0,,Package Content,One Wall Mixer,1,,Key Feature,Anti Corrosive and Easy to Clean..,1,0,,Brand Name,Elvis,1,0,,,,,,
4045,simple,4798,Forma Swan Neck Extended Spout -4798,1,0,visible,,,,,taxable,,1,11,,0,0,,,,,1,,1658,1950,Taps & Mixers,,,https://i.postimg.cc/63cBhHNZ/4798.jpg,,,,,,,,,,Finish,Chrome,1,0,Material,Brass ,1,0,,Package Content,One Sink Cock,1,,Key Feature,Anti Corrosive and Easy to Clean..,1,0,,Brand Name,Elvis,1,0,,,,,,
4046,simple,4801,Forma Swan Neck with Extended Elbow Spout - 4801,1,0,visible,,,,,taxable,,1,10,,0,0,,,,,1,,1870,2200,Taps & Mixers,,,https://i.postimg.cc/448J7FPk/4801.jpg,,,,,,,,,,Finish,Chrome,1,0,Material,Brass ,1,0,,Package Content,One Sink Cock,1,,Key Feature,Anti Corrosive and Easy to Clean..,1,0,,Brand Name,Elvis,1,0,,,,,,
4047,simple,4793,Forma Swan Neck with Revolving Spout (Table Mounted) - 4793,1,0,visible,,,,,taxable,,1,18,,0,0,,,,,1,,1488,1750,Taps & Mixers,,,https://i.postimg.cc/x87DshpX/4793.jpg,,,,,,,,,,Finish,Chrome,1,0,Material,Brass ,1,0,,Package Content,One Sink Cock,1,,Key Feature,Anti Corrosive and Easy to Clean..,1,0,,Brand Name,Elvis,1,0,,,,,,
4048,simple,4535,Forma Sink Cock Extended Spout - 4535,1,0,visible,,,,,taxable,,1,37,,0,0,,,,,1,,1573,1850,Kitchen > Kitchen Mixers,,,https://i.postimg.cc/CxbTNvGK/4535.jpg,,,,,,,,,,Finish,Chrome,1,0,Material,Brass ,1,0,,Package Content,One Sink Cock,1,,Key Feature,Anti Corrosive and Easy to Clean..,1,0,,Brand Name,Elvis,1,0,,,,,,
4049,simple,5027,Liva Pillar Cock with Extra Long Spout - 5027,1,0,visible,,,,,taxable,,1,2,,0,0,,,,,1,,1734,2040,Taps & Mixers,,,https://i.postimg.cc/hGKw0K4C/5027.jpg,,,,,,,,,,Finish,Chrome,1,0,Material,Brass ,1,0,,Package Content,One Pillar Cock,1,,Key Feature,Anti Corrosive and Easy to Clean..,1,0,,Brand Name,Elvis,1,0,,,,,,
4050,simple,5011,Liva  Liva Pillar Cock with Aerator - 5011,1,0,visible,,,,,taxable,,1,18,,0,0,,,,,1,,829,975,Taps & Mixers,,,https://i.postimg.cc/6QzPjFyB/5011.jpg,,,,,,,,,,Finish,Chrome,1,0,Material,Brass ,1,0,,Package Content,One Pillar Cock,1,,Key Feature,Anti Corrosive and Easy to Clean..,1,0,,Brand Name,Elvis,1,0,,,,,,
4051,simple,5103,Liva Angular Stop Cock with Long Thread - 5103,1,0,visible,,,,,taxable,,1,33,,0,0,,,,,1,,582,685,Bathroom > Accessories > Angle Cock,,,https://i.postimg.cc/633mDzvn/5103.jpg,,,,,,,,,,Finish,Chrome,1,0,Material,Brass ,1,0,,Package Content,One Stop Cock,1,,Key Feature,Anti Corrosive and Easy to Clean..,1,0,,Brand Name,Elvis,1,0,,,,,,
4052,simple,5058,Liva Long Body Bib Cock with Aerator - 5058,1,0,visible,,,,,taxable,,1,25,,0,0,,,,,1,,829,975,Taps & Mixers,,,https://i.postimg.cc/wxt6NQG1/5058.jpg,,,,,,,,,,Finish,Chrome,1,0,Material,Brass ,1,0,,Package Content,One Bib Cock (Long Body),1,,Key Feature,Anti Corrosive and Easy to Clean..,1,0,,Brand Name,Elvis,1,0,,,,,,
4053,simple,5043,Liva Bib Cock with Aerator - 5043,1,0,visible,,,,,taxable,,1,35,,0,0,,,,,1,,616,725,Taps & Mixers,,,https://i.postimg.cc/HkmHfDsM/5043.jpg,,,,,,,,,,Finish,Chrome,1,0,Material,Brass ,1,0,,Package Content,One Bib Cock,1,,Key Feature,Anti Corrosive and Easy to Clean..,1,0,,Brand Name,Elvis,1,0,,,,,,
4054,simple,5152,Concealed Stop Cock with Adjustable Flange 20mm - 5152,1,0,visible,,,,,taxable,,1,22,,0,0,,,,,1,,1012,1190,Taps & Mixers,,,https://i.postimg.cc/NfqwHqXn/5152.jpg,,,,,,,,,,Finish,Chrome,1,0,Material,Brass ,1,0,,Package Content,One Concealed Stop Cock,1,,Key Feature,Anti Corrosive and Easy to Clean..,1,0,,Brand Name,Elvis,1,0,,,,,,
4055,simple,26793,Opal Swan Neck - 26793,1,0,visible,,,,,taxable,,1,17,,0,0,,,,,1,,1148,1350,Taps & Mixers,,,https://i.postimg.cc/T3Q8FKs8/26793.jpg,,,,,,,,,,Finish,Chrome,1,0,Material,Brass ,1,0,,Package Content,One Sink Cock,1,,Key Feature,Anti Corrosive and Easy to Clean..,1,0,,Brand Name,Elvis,1,0,,,,,,
4056,simple,18318,Azzaro Wall Mixer with Telephonic Shower Crutch (High Flow) - 18318,1,0,visible,,,,,taxable,,1,1,,0,0,,,,,1,,3910,4600,Taps & Mixers,,,https://i.postimg.cc/RVVLGqwJ/18318-18333.jpg,,,,,,,,,,Finish,Chrome,1,0,Material,Brass ,1,0,,Package Content,One Wall Mixer,1,,Key Feature,Anti Corrosive and Easy to Clean..,1,0,,Brand Name,Elvis,1,0,,,,,,
4057,simple,18049K,Azzaro Exposed Kit for Single Lever Diverter Body High Flow (Suitable for ALD 049) - 18049K,1,0,visible,,,,,taxable,,1,3,,0,0,,,,,1,,5100,6000,Taps & Mixers,,,https://i.postimg.cc/ZRx6xhRL/18049K.jpg,,,,,,,,,,Finish,Chrome,1,0,Material,Brass ,1,0,,Package Content,One Diverter Body (High Flow),1,,Key Feature,Anti Corrosive and Easy to Clean..,1,0,,Brand Name,Elvis,1,0,,,,,,
4058,simple,18103,Azzaro Angular Stop Cock - 18103,1,0,visible,,,,,taxable,,1,3,,0,0,,,,,1,,1071,1260,Bathroom > Accessories > Angle Cock,,,https://i.postimg.cc/XqNd2DB6/18103.jpg,,,,,,,,,,Finish,Chrome,1,0,Material,Brass ,1,0,,Package Content,One Stop Cock,1,,Key Feature,Anti Corrosive and Easy to Clean..,1,0,,Brand Name,Elvis,1,0,,,,,,
4059,simple,18043,Azzaro Bib Cock - 18043,1,0,visible,,,,,taxable,,1,7,,0,0,,,,,1,,1160,1365,Taps & Mixers,,,https://i.postimg.cc/TYF5mP06/18043.jpg,,,,,,,,,,Finish,Chrome,1,0,Material,Brass ,1,0,,Package Content,One Bib Cock,1,,Key Feature,Anti Corrosive and Easy to Clean..,1,0,,Brand Name,Elvis,1,0,,,,,,
4060,simple,18011,Azzaro Pillar Cock - 18011,1,0,visible,,,,,taxable,,1,46,,0,0,,,,,1,,1339,1575,Taps & Mixers,,,https://i.postimg.cc/TPXy7HBN/18011.jpg,,,,,,,,,,Finish,Chrome,1,0,Material,Brass ,1,0,,Package Content,One Pillar Cock,1,,Key Feature,Anti Corrosive and Easy to Clean..,1,0,,Brand Name,Elvis,1,0,,,,,,
4061,simple,18152,Azzaro Concealed Stop Cock with Adjustable Flange 20mm - 18152,1,0,visible,,,,,taxable,,1,42,,0,0,,,,,1,,1063,1250,Taps & Mixers,,,https://i.postimg.cc/Y2yvKSJW/18152.jpg,,,,,,,,,,Finish,Chrome,1,0,Material,Brass ,1,0,,Package Content,One Stop Cock,1,,Key Feature,Anti Corrosive and Easy to Clean..,1,0,,Brand Name,Elvis,1,0,,,,,,
4062,simple,18793,Azzaro Swan Neck with Revolving Spout (Table Mounted) - 18793,1,0,visible,,,,,taxable,,1,15,,0,0,,,,,1,,1602,1885,Taps & Mixers,,,https://i.postimg.cc/jdwLsbbk/18793.jpg,,,,,,,,,,Finish,Chrome,1,0,Material,Brass ,1,0,,Package Content,One Sink Cock,1,,Key Feature,Anti Corrosive and Easy to Clean..,1,0,,Brand Name,Elvis,1,0,,,,,,
4063,simple,18522,Azzaro Sink Cock with Swinging Spout - 18522,1,0,visible,,,,,taxable,,1,13,,0,0,,,,,1,,1441,1695,Kitchen > Kitchen Mixers,,,https://i.postimg.cc/R0R0PC7q/18522.jpg,,,,,,,,,,Finish,Chrome,1,0,Material,Brass ,1,0,,Package Content,One Sink Cock,1,,Key Feature,Anti Corrosive and Easy to Clean..,1,0,,Brand Name,Elvis,1,0,,,,,,
4064,simple,789333,Matris Wall Mixer with Bend - (High Flow) - 789333,1,0,visible,,,,,taxable,,1,2,,0,0,,,,,1,,3732,4390,Taps & Mixers,,,https://i.postimg.cc/tJ1CChLV/789333.jpg,,,,,,,,,,Finish,Chrome,1,0,Material,Brass ,1,0,,Package Content,One Wall Mixer,1,,Key Feature,Anti Corrosive and Easy to Clean..,1,0,,Brand Name,Elvis,1,0,,,,,,
4065,simple,789798,Matris Swan Neck Extended Spout - 789798,1,0,visible,,,,,taxable,,1,40,,0,0,,,,,1,,1318,1550,Taps & Mixers,,,https://i.postimg.cc/XYKNJNDx/789798.jpg,,,,,,,,,,Finish,Chrome,1,0,Material,Brass ,1,0,,Package Content,One Sink Cock,1,,Key Feature,Anti Corrosive and Easy to Clean..,1,0,,Brand Name,Elvis,1,0,,,,,,
4066,simple,789152,Matris Concealed Stop Cock  20 mm - 789152,1,0,visible,,,,,taxable,,1,26,,0,0,,,,,1,,1020,1200,Taps & Mixers,,,https://i.postimg.cc/JhP1N68k/789136-789152.jpg,,,,,,,,,,Finish,Chrome,1,0,Material,Brass ,1,0,,Package Content,One Concealed Stop Cock,1,,Key Feature,Anti Corrosive and Easy to Clean..,1,0,,Brand Name,Elvis,1,0,,,,,,
4067,simple,789535,Matris Sink Cock Extended Spout - 789535,1,0,visible,,,,,taxable,,1,61,,0,0,,,,,1,,1233,1450,Kitchen > Kitchen Mixers,,,https://i.postimg.cc/JnFMgsG7/789535.jpg,,,,,,,,,,Finish,Chrome,1,0,Material,Brass ,1,0,,Package Content,One Sink Cock,1,,Key Feature,Anti Corrosive and Easy to Clean..,1,0,,Brand Name,Elvis,1,0,,,,,,
4068,simple,789011,Matris Pillar Cock- 789011,1,0,visible,,,,,taxable,,1,146,,0,0,,,,,1,,901,1060,Taps & Mixers,,,https://i.postimg.cc/KjgxymMP/789011.jpg,,,,,,,,,,Finish,Chrome,1,0,Material,Brass ,1,0,,Package Content,One Pillar Cock,1,,Key Feature,Anti Corrosive and Easy to Clean..,1,0,,Brand Name,Elvis,1,0,,,,,,
4069,simple,22011,Vectra Pillar Cock - 22011,1,0,visible,,,,,taxable,,1,40,,0,0,,,,,1,,1233,1450,Taps & Mixers,,,https://i.postimg.cc/yYL4rJ5M/22011.jpg,,,,,,,,,,Finish,Chrome,1,0,Material,Brass ,1,0,,Package Content,One Pillar Cock,1,,Key Feature,Anti Corrosive and Easy to Clean..,1,0,,Brand Name,Elvis,1,0,,,,,,
4070,simple,22049,Vectra Bib Cock - 22049,1,0,visible,,,,,taxable,,1,23,,0,0,,,,,1,,1186,1395,Taps & Mixers,,,https://i.postimg.cc/Dzb9ZxZh/22049.jpg,,,,,,,,,,Finish,Chrome,1,0,Material,Brass ,1,0,,Package Content,One Bib Cock,1,,Key Feature,Anti Corrosive and Easy to Clean..,1,0,,Brand Name,Elvis,1,0,,,,,,
4071,simple,22089,Vectra Two Way Bib Cock - 22089,1,0,visible,,,,,taxable,,1,24,,0,0,,,,,1,,1530,1800,Taps & Mixers,,,https://i.postimg.cc/C5wXcY4M/22089.jpg,,,,,,,,,,Finish,Chrome,1,0,Material,Brass ,1,0,,Package Content,One Bib Cock (2 Way),1,,Key Feature,Anti Corrosive and Easy to Clean..,1,0,,Brand Name,Elvis,1,0,,,,,,
4072,simple,22152,Vectra Concealed Stop Cock  20mm - 22152,1,0,visible,,,,,taxable,,1,17,,0,0,,,,,1,,1063,1250,Taps & Mixers,,,https://i.postimg.cc/fLSm10BB/22136.jpg,,,,,,,,,,Finish,Chrome,1,0,Material,Brass ,1,0,,Package Content,One Concealed Stop Cock,1,,Key Feature,Anti Corrosive and Easy to Clean..,1,0,,Brand Name,Elvis,1,0,,,,,,
4073,simple,22888,Vectra Sink Cock with D Bend Spout - 22888,1,0,visible,,,,,taxable,,1,19,,0,0,,,,,1,,1870,2200,Kitchen > Kitchen Mixers,,,https://i.postimg.cc/1RYrCsBW/22888.jpg,,,,,,,,,,Finish,Chrome,1,0,Material,Brass ,1,0,,Package Content,One Sink Cock,1,,Key Feature,Anti Corrosive and Easy to Clean..,1,0,,Brand Name,Elvis,1,0,,,,,,
4074,simple,22019,Vectra Pillar Cock Extended Body - 22019,1,0,visible,,,,,taxable,,1,17,,0,0,,,,,1,,1870,2200,Taps & Mixers,,,https://i.postimg.cc/65kLKcDn/22019.jpg,,,,,,,,,,Finish,Chrome,1,0,Material,Brass ,1,0,,Package Content,One Pillar Cock,1,,Key Feature,Anti Corrosive and Easy to Clean..,1,0,,Brand Name,Elvis,1,0,,,,,,
4075,simple,22333,Vectra Wall Mixer with Bend (High Flow) - 22333,1,0,visible,,,,,taxable,,1,11,,0,0,,,,,1,,4335,5100,Taps & Mixers,,,https://i.postimg.cc/9fpGGhzY/22318-22333.jpg,,,,,,,,,,Finish,Chrome,1,0,Material,Brass ,1,0,,Package Content,One Wall Mixer,1,,Key Feature,Anti Corrosive and Easy to Clean..,1,0,,Brand Name,Elvis,1,0,,,,,,
4076,simple,22103,Vectra Angle Cock - 22103,1,0,visible,,,,,taxable,,1,45,,0,0,,,,,1,,850,1000,Bathroom > Accessories > Angle Cock,,,https://i.postimg.cc/rmZxPN1d/22103.jpg,,,,,,,,,,Finish,Chrome,1,0,Material,Brass ,1,0,,Package Content,One Angle Cock,1,,Key Feature,Anti Corrosive and Easy to Clean..,1,0,,Brand Name,Elvis,1,0,,,,,,
4077,simple,22049K,Vectra Exposed Kit for Single Lever Diverter Body High Flow (Suitable for ALD 049) - 22049K,1,0,visible,,,,,taxable,,1,2,,0,0,,,,,1,,1445,1700,Taps & Mixers,,,https://i.postimg.cc/1XL69RYs/22049K.jpg,,,,,,,,,,Finish,Chrome,1,0,Material,Brass ,1,0,,Package Content,One Diverter Body (High Flow),1,,Key Feature,Anti Corrosive and Easy to Clean..,1,0,,Brand Name,Elvis,1,0,,,,,,
4078,simple,22999,Vectra Swan Neck with D bend Spout - 22999,1,0,visible,,,,,taxable,,1,9,,0,0,,,,,1,,1870,2200,Taps & Mixers,,,https://i.postimg.cc/13162tqK/22999.jpg,,,,,,,,,,Finish,Chrome,1,0,Material,Brass ,1,0,,Package Content,One Sink Cock,1,,Key Feature,Anti Corrosive and Easy to Clean..,1,0,,Brand Name,Elvis,1,0,,,,,,
4079,simple,77011,Euro Smart Pillar Cock - 77011,1,0,visible,,,,,taxable,,1,42,,0,0,,,,,1,,1233,1450,Taps & Mixers,,,https://i.postimg.cc/XvQCrkD2/77011.jpg,,,,,,,,,,Finish,Chrome,1,0,Material,Brass ,1,0,,Package Content,One Pillar Cock,1,,Key Feature,Anti Corrosive and Easy to Clean..,1,0,,Brand Name,Elvis,1,0,,,,,,
4080,simple,77049,Euro Smart Bib Cock - 77049,1,0,visible,,,,,taxable,,1,79,,0,0,,,,,1,,1160,1365,Taps & Mixers,,,https://i.postimg.cc/9MkwpF2Z/77049.jpg,,,,,,,,,,Finish,Chrome,1,0,Material,Brass ,1,0,,Package Content,One Bib Cock,1,,Key Feature,Anti Corrosive and Easy to Clean..,1,0,,Brand Name,Elvis,1,0,,,,,,
4081,simple,77019,Euro Smart Pillar Cock Extended Body - 77019,1,0,visible,,,,,taxable,,1,7,,0,0,,,,,1,,1870,2200,Taps & Mixers,,,https://i.postimg.cc/tRL2R96s/77019.jpg,,,,,,,,,,Finish,Chrome,1,0,Material,Brass ,1,0,,Package Content,One Pillar Cock,1,,Key Feature,Anti Corrosive and Easy to Clean..,1,0,,Brand Name,Elvis,1,0,,,,,,
4082,simple,77049K,Euro Smart Exposed Kit for Single Lever Diverter Body  High Flow (Suitable for ALD-04)- 77049K,1,0,visible,,,,,taxable,,1,15,,0,0,,,,,1,,1530,1800,Taps & Mixers,,,https://i.postimg.cc/1t8rPd50/77049K.jpg,,,,,,,,,,Finish,Chrome,1,0,Material,Brass ,1,0,,Package Content,One Diverter Body (High Flow),1,,Key Feature,Anti Corrosive and Easy to Clean..,1,0,,Brand Name,Elvis,1,0,,,,,,
4083,simple,77152,Euro Smart Concealed Stop Cock 20mm - 77152,1,0,visible,,,,,taxable,,1,4,,0,0,,,,,1,,1063,1250,Taps & Mixers,,,https://i.postimg.cc/tJPdnV6Y/77136-77152.jpg,,,,,,,,,,Finish,Chrome,1,0,Material,Brass ,1,0,,Package Content,One Concealed Stop Cock,1,,Key Feature,Anti Corrosive and Easy to Clean..,1,0,,Brand Name,Elvis,1,0,,,,,,
4084,simple,77103,Euro Smart Angle Cock - 77103,1,0,visible,,,,,taxable,,1,11,,0,0,,,,,1,,914,1075,Bathroom > Accessories > Angle Cock,,,https://i.postimg.cc/k5pWjyF2/77103.jpg,,,,,,,,,,Finish,Chrome,1,0,Material,Brass ,1,0,,Package Content,One Angle Cock,1,,Key Feature,Anti Corrosive and Easy to Clean..,1,0,,Brand Name,Elvis,1,0,,,,,,
4085,simple,59798,Prime Swan Neck Extended Spout - 59798,1,0,visible,,,,,taxable,,1,8,,0,0,,,,,1,,1445,1700,Taps & Mixers,,,https://i.postimg.cc/3rp2Bmyw/59798.jpg,,,,,,,,,,Finish,Chrome,1,0,Material,Brass ,1,0,,Package Content,One Sink Cock,1,,Key Feature,Anti Corrosive and Easy to Clean..,1,0,,Brand Name,Elvis,1,0,,,,,,
4086,simple,59103,Prime Angle Cock - 59103,1,0,visible,,,,,taxable,,1,40,,0,0,,,,,1,,578,680,Bathroom > Accessories > Angle Cock,,,https://i.postimg.cc/d0LyTyPw/59103.jpg,,,,,,,,,,Finish,Chrome,1,0,Material,Brass ,1,0,,Package Content,One Angle Cock,1,,Key Feature,Anti Corrosive and Easy to Clean..,1,0,,Brand Name,Elvis,1,0,,,,,,
4087,simple,59058,Prime Long Body Bib Cock with Aerator - 59058,1,0,visible,,,,,taxable,,1,7,,0,0,,,,,1,,808,950,Taps & Mixers,,,https://i.postimg.cc/8cBJVdWB/59049-59058.jpg,,,,,,,,,,Finish,Chrome,1,0,Material,Brass ,1,0,,Package Content,One Bib Cock (Long Body),1,,Key Feature,Anti Corrosive and Easy to Clean..,1,0,,Brand Name,Elvis,1,0,,,,,,
4088,simple,59152,Prime Concealed Stop Cock  20mm - 59152,1,0,visible,,,,,taxable,,1,71,,0,0,,,,,1,,978,1150,Taps & Mixers,,,https://i.postimg.cc/Kvx3DVS9/59136-59152.jpg,,,,,,,,,,Finish,Chrome,1,0,Material,Brass ,1,0,,Package Content,One Concealed Stop Cock,1,,Key Feature,Anti Corrosive and Easy to Clean..,1,0,,Brand Name,Elvis,1,0,,,,,,
4089,simple,59049,Prime Bib Cock - 59049,1,0,visible,,,,,taxable,,1,98,,0,0,,,,,1,,723,850,Taps & Mixers,,,https://i.postimg.cc/8cBJVdWB/59049-59058.jpg,,,,,,,,,,Finish,Chrome,1,0,Material,Brass ,1,0,,Package Content,One Bib Cock,1,,Key Feature,Anti Corrosive and Easy to Clean..,1,0,,Brand Name,Elvis,1,0,,,,,,
4090,simple,59011,Prime Pillar Cock - 59011,1,0,visible,,,,,taxable,,1,99,,0,0,,,,,1,,808,950,Taps & Mixers,,,https://i.postimg.cc/sg2Bth27/59011.jpg,,,,,,,,,,Finish,Chrome,1,0,Material,Brass ,1,0,,Package Content,One Pillar Cock,1,,Key Feature,Anti Corrosive and Easy to Clean..,1,0,,Brand Name,Elvis,1,0,,,,,,
4091,simple,59333,Prime Wall Mixer with Bend (High Flow) - 59333,1,0,visible,,,,,taxable,,1,6,,0,0,,,,,1,,3137,3690,Taps & Mixers,,,https://i.postimg.cc/9QN4VQ4S/59333-59445.jpg,,,,,,,,,,Finish,Chrome,1,0,Material,Brass ,1,0,,Package Content,One Wall Mixer,1,,Key Feature,Anti Corrosive and Easy to Clean..,1,0,,Brand Name,Elvis,1,0,,,,,,
4092,simple,59488,Prime Sink Mixer - 59488,1,0,visible,,,,,taxable,,1,5,,0,0,,,,,1,,2805,3300,Kitchen > Kitchen Mixers,,,https://i.postimg.cc/hGzXGRTG/59488.jpg,,,,,,,,,,Finish,Chrome,1,0,Material,Brass ,1,0,,Package Content,One Sink Mixer,1,,Key Feature,Anti Corrosive and Easy to Clean..,1,0,,Brand Name,Elvis,1,0,,,,,,
4093,simple,59089,Prime Two Way Bib Cock - 59089,1,0,visible,,,,,taxable,,1,30,,0,0,,,,,1,,1233,1450,Taps & Mixers,,,https://i.postimg.cc/3x6wVfVQ/59089.jpg,,,,,,,,,,Finish,Chrome,1,0,Material,Brass ,1,0,,Package Content,One Bib Cock (2 Way),1,,Key Feature,Anti Corrosive and Easy to Clean..,1,0,,Brand Name,Elvis,1,0,,,,,,
4094,simple,59522,Prime Sink Cock - 59522,1,0,visible,,,,,taxable,,1,19,,0,0,,,,,1,,1250,1470,Kitchen > Kitchen Mixers,,,https://i.postimg.cc/FFZHNH8Z/59522.jpg,,,,,,,,,,Finish,Chrome,1,0,Material,Brass ,1,0,,Package Content,One Sink Cock,1,,Key Feature,Anti Corrosive and Easy to Clean..,1,0,,Brand Name,Elvis,1,0,,,,,,
4095,simple,59793,Prime Swan Neck - 59793,1,0,visible,,,,,taxable,,1,15,,0,0,,,,,1,,1250,1470,Taps & Mixers,,,https://i.postimg.cc/9FQFMjjj/59793.jpg,,,,,,,,,,Finish,Chrome,1,0,Material,Brass ,1,0,,Package Content,One Sink Cock,1,,Key Feature,Anti Corrosive and Easy to Clean..,1,0,,Brand Name,Elvis,1,0,,,,,,
4096,simple,49011,Superb Pillar Cock - 49011,1,0,visible,,,,,taxable,,1,81,,0,0,,,,,1,,1233,1450,Taps & Mixers,,,https://i.postimg.cc/qqM0z2SG/49011.jpg,,,,,,,,,,Finish,Chrome,1,0,Material,Brass ,1,0,,Package Content,One Pillar Cock,1,,Key Feature,Anti Corrosive and Easy to Clean..,1,0,,Brand Name,Elvis,1,0,,,,,,
4097,simple,49089,Superb Two way Bib Cock -49089,1,0,visible,,,,,taxable,,1,2,,0,0,,,,,1,,1530,1800,Taps & Mixers,,,https://i.postimg.cc/MKdrgdJM/49089.jpg,,,,,,,,,,Finish,Chrome,1,0,Material,Brass ,1,0,,Package Content,One Bib Cock (2 Way),1,,Key Feature,Anti Corrosive and Easy to Clean..,1,0,,Brand Name,Elvis,1,0,,,,,,
4098,simple,49030,Superb Single Lever Basin Mixer Extended Body - 49030,1,0,visible,,,,,taxable,,1,1,,0,0,,,,,1,,4165,4900,Taps & Mixers,,,https://i.postimg.cc/Pxs617Yc/49030.jpg,,,,,,,,,,Finish,Chrome,1,0,Material,Brass ,1,0,,Package Content,One Basin Mixer (Extended Body),1,,Key Feature,Anti Corrosive and Easy to Clean..,1,0,,Brand Name,Elvis,1,0,,,,,,
4099,simple,49793,Superb Swan Neck - 49793,1,0,visible,,,,,taxable,,1,6,,0,0,,,,,1,,1530,1800,Taps & Mixers,,,https://i.postimg.cc/s2SmfJqJ/49793.jpg,,,,,,,,,,Finish,Chrome,1,0,Material,Brass ,1,0,,Package Content,One Sink Cock,1,,Key Feature,Anti Corrosive and Easy to Clean..,1,0,,Brand Name,Elvis,1,0,,,,,,
4100,simple,49049k,Superb Exposed Kit for Single Lever Diverter Body  High Flow (Suitable for ALD 049) - 49049K,1,0,visible,,,,,taxable,,1,55,,0,0,,,,,1,,1530,1800,Taps & Mixers,,,https://i.postimg.cc/1trKw39n/49049K.jpg,,,,,,,,,,Finish,Chrome,1,0,Material,Brass ,1,0,,Package Content,One Diverter Body (High Flow),1,,Key Feature,Anti Corrosive and Easy to Clean..,1,0,,Brand Name,Elvis,1,0,,,,,,
4101,simple,49019,Superb Pillar Cock Extended Body - 49019,1,0,visible,,,,,taxable,,1,9,,0,0,,,,,1,,1870,2200,Taps & Mixers,,,https://i.postimg.cc/MKFmy48D/49019.jpg,,,,,,,,,,Finish,Chrome,1,0,Material,Brass ,1,0,,Package Content,One Pillar Cock,1,,Key Feature,Anti Corrosive and Easy to Clean..,1,0,,Brand Name,Elvis,1,0,,,,,,
4102,simple,49888,Superb Sink Cock with D Bend Spout - 49888,1,0,visible,,,,,taxable,,1,20,,0,0,,,,,1,,1700,2000,Kitchen > Kitchen Mixers,,,https://i.postimg.cc/qq72KcbS/49888.jpg,,,,,,,,,,Finish,Chrome,1,0,Material,Brass ,1,0,,Package Content,One Sink Cock,1,,Key Feature,Anti Corrosive and Easy to Clean..,1,0,,Brand Name,Elvis,1,0,,,,,,
4103,simple,49999,Superb Swan Neck with D Bend Spout - 49999,1,0,visible,,,,,taxable,,1,6,,0,0,,,,,1,,1785,2100,Taps & Mixers,,,https://i.postimg.cc/x1mML15f/49999.jpg,,,,,,,,,,Finish,Chrome,1,0,Material,Brass ,1,0,,Package Content,One Sink Cock,1,,Key Feature,Anti Corrosive and Easy to Clean..,1,0,,Brand Name,Elvis,1,0,,,,,,
4104,simple,49103,Superb Angle Cock - 49103,1,0,visible,,,,,taxable,,1,25,,0,0,,,,,1,,850,1000,Bathroom > Accessories > Angle Cock,,,https://i.postimg.cc/brd2rydj/49103.jpg,,,,,,,,,,Finish,Chrome,1,0,Material,Brass ,1,0,,Package Content,One Angle Cock,1,,Key Feature,Anti Corrosive and Easy to Clean..,1,0,,Brand Name,Elvis,1,0,,,,,,
4105,simple,49152,Superb Concealed Stop Cock - 49152,1,0,visible,,,,,taxable,,1,36,,0,0,,,,,1,,1063,1250,Taps & Mixers,,,https://i.postimg.cc/NFV2r3r2/49152.jpg,,,,,,,,,,Finish,Chrome,1,0,Material,Brass ,1,0,,Package Content,One Concealed Stop Cock,1,,Key Feature,Anti Corrosive and Easy to Clean..,1,0,,Brand Name,Elvis,1,0,,,,,,
4106,simple,67011,Eco Smart Pillar Cock - 67011,1,0,visible,,,,,taxable,,1,55,,0,0,,,,,1,,595,700,Taps & Mixers,,,https://i.postimg.cc/Nf9HwjW6/67011.jpg,,,,,,,,,,Finish,Chrome,1,0,Material,Brass ,1,0,,Package Content,One Pillar Cock,1,,Key Feature,Anti Corrosive and Easy to Clean..,1,0,,Brand Name,Elvis,1,0,,,,,,
4107,simple,67049,Eco Smart Bib Cock - 67049,1,0,visible,,,,,taxable,,1,146,,0,0,,,,,1,,553,650,Taps & Mixers,,,https://i.postimg.cc/Bn2PXwZt/67049-67058.jpg,,,,,,,,,,Finish,Chrome,1,0,Material,Brass ,1,0,,Package Content,One Bib Cock,1,,Key Feature,Anti Corrosive and Easy to Clean..,1,0,,Brand Name,Elvis,1,0,,,,,,
4108,simple,67058,Eco Smart Long Body Bib Cock - 67058,1,0,visible,,,,,taxable,,1,226,,0,0,,,,,1,,595,700,Taps & Mixers,,,https://i.postimg.cc/Bn2PXwZt/67049-67058.jpg,,,,,,,,,,Finish,Chrome,1,0,Material,Brass ,1,0,,Package Content,One Bib Cock (Long Body),1,,Key Feature,Anti Corrosive and Easy to Clean..,1,0,,Brand Name,Elvis,1,0,,,,,,
4109,simple,67522,Eco Smart Sink Cock - 67522,1,0,visible,,,,,taxable,,1,4,,0,0,,,,,1,,1063,1250,Kitchen > Kitchen Mixers,,,https://i.postimg.cc/XJ1pTRL1/67522-67535.jpg,,,,,,,,,,Finish,Chrome,1,0,Material,Brass ,1,0,,Package Content,One Sink Cock,1,,Key Feature,Anti Corrosive and Easy to Clean..,1,0,,Brand Name,Elvis,1,0,,,,,,
4110,simple,67535,Eco Smart Sink Cock with Extended Spout - 67535,1,0,visible,,,,,taxable,,1,55,,0,0,,,,,1,,1271,1495,Kitchen > Kitchen Mixers,,,https://i.postimg.cc/XJ1pTRL1/67522-67535.jpg,,,,,,,,,,Finish,Chrome,1,0,Material,Brass ,1,0,,Package Content,One Sink Cock,1,,Key Feature,Anti Corrosive and Easy to Clean..,1,0,,Brand Name,Elvis,1,0,,,,,,
4111,simple,99535,Alexa Sink Cock with Extended Spout - 99535,1,0,visible,,,,,taxable,,1,42,,0,0,,,,,1,,1271,1495,Kitchen > Kitchen Mixers,,,https://i.postimg.cc/Njv5q78t/99522-99535.jpg,,,,,,,,,,Finish,Chrome,1,0,Material,Brass ,1,0,,Package Content,One Sink Cock,1,,Key Feature,Anti Corrosive and Easy to Clean..,1,0,,Brand Name,Elvis,1,0,,,,,,
4112,simple,99058,Alexa Bib Cock Long Body - 99058,1,0,visible,,,,,taxable,,1,46,,0,0,,,,,1,,710,835,Taps & Mixers,,,https://i.postimg.cc/3wKNW8bb/99049-99058.jpg,,,,,,,,,,Finish,Chrome,1,0,Material,Brass ,1,0,,Package Content,One Bib Cock (Long Body),1,,Key Feature,Anti Corrosive and Easy to Clean..,1,0,,Brand Name,Elvis,1,0,,,,,,
4113,simple,99333,Alexa Wall Mixer with Bend - 99333,1,0,visible,,,,,taxable,,1,34,,0,0,,,,,1,,3059,3599,Taps & Mixers,,,https://i.postimg.cc/XvQJCRRN/99333.jpg,,,,,,,,,,Finish,Chrome,1,0,Material,Brass ,1,0,,Package Content,One Wall Mixer,1,,Key Feature,Anti Corrosive and Easy to Clean..,1,0,,Brand Name,Elvis,1,0,,,,,,
4114,simple,99011,Alexa Pillar Cock - 99011,1,0,visible,,,,,taxable,,1,41,,0,0,,,,,1,,723,850,Taps & Mixers,,,https://i.postimg.cc/sxSG7nPn/99011.jpg,,,,,,,,,,Finish,Chrome,1,0,Material,Brass ,1,0,,Package Content,One Pillar Cock,1,,Key Feature,Anti Corrosive and Easy to Clean..,1,0,,Brand Name,Elvis,1,0,,,,,,
4115,simple,99152,Alexa  Concealed Stop Cock - 99152,1,0,visible,,,,,taxable,,1,232,,0,0,,,,,1,,931,1095,Taps & Mixers,,,https://i.postimg.cc/bY2t7JXQ/99136-99152.jpg,,,,,,,,,,Finish,Chrome,1,0,Material,Brass ,1,0,,Package Content,One Concealed Stop Cock,1,,Key Feature,Anti Corrosive and Easy to Clean..,1,0,,Brand Name,Elvis,1,0,,,,,,
4116,simple,99019,Alexa Pillar Cock Extended Body - 99019,1,0,visible,,,,,taxable,,1,12,,0,0,,,,,1,,1607,1890,Taps & Mixers,,,https://i.postimg.cc/mrJrjYgK/99019.jpg,,,,,,,,,,Finish,Chrome,1,0,Material,Brass ,1,0,,Package Content,One Pillar Cock,1,,Key Feature,Anti Corrosive and Easy to Clean..,1,0,,Brand Name,Elvis,1,0,,,,,,
4117,simple,99089,Alexa Two Way Bib Cock - 99089,1,0,visible,,,,,taxable,,1,21,,0,0,,,,,1,,1177,1385,Taps & Mixers,,,https://i.postimg.cc/RhzZ5vfR/99089.jpg,,,,,,,,,,Finish,Chrome,1,0,Material,Brass ,1,0,,Package Content,One Bib Cock (2 Way),1,,Key Feature,Anti Corrosive and Easy to Clean..,1,0,,Brand Name,Elvis,1,0,,,,,,
4118,simple,911011,Axor Pillar Cock - 911011,1,0,visible,,,,,taxable,,1,208,,0,0,,,,,1,,1403,1650,Taps & Mixers,,,https://i.postimg.cc/DzXStjH7/911011.jpg,,,,,,,,,,Finish,Chrome,1,0,Material,Brass ,1,0,,Package Content,One Pillar Cock,1,,Key Feature,Anti Corrosive and Easy to Clean..,1,0,,Brand Name,Elvis,1,0,,,,,,
4119,simple,911535,Axor Sink Cock extend Spout - 911535,1,0,visible,,,,,taxable,,1,1,,0,0,,,,,1,,1530,1800,Kitchen > Kitchen Mixers,,,https://i.postimg.cc/YqDjjBwp/911535.jpg,,,,,,,,,,Finish,Chrome,1,0,Material,Brass ,1,0,,Package Content,One Sink Cock,1,,Key Feature,Anti Corrosive and Easy to Clean..,1,0,,Brand Name,Elvis,1,0,,,,,,
4120,simple,911152,Axor Concealed Stop Cock - 911152,1,0,visible,,,,,taxable,,1,141,,0,0,,,,,1,,1063,1250,Taps & Mixers,,,https://i.postimg.cc/x1k8zp0L/911152.jpg,,,,,,,,,,Finish,Chrome,1,0,Material,Brass ,1,0,,Package Content,One Concealed Stop Cock,1,,Key Feature,Anti Corrosive and Easy to Clean..,1,0,,Brand Name,Elvis,1,0,,,,,,
4121,simple,911049,Axor Bib Cock - 911049,1,0,visible,,,,,taxable,,1,99,,0,0,,,,,1,,1190,1400,Taps & Mixers,,,https://i.postimg.cc/bJRwhKTf/911049.jpg,,,,,,,,,,Finish,Chrome,1,0,Material,Brass ,1,0,,Package Content,One Bib Cock,1,,Key Feature,Anti Corrosive and Easy to Clean..,1,0,,Brand Name,Elvis,1,0,,,,,,
4122,simple,915049,Axor Exposed Kit - 915049k,1,0,visible,,,,,taxable,,1,16,,0,0,,,,,1,,1615,1900,Taps & Mixers,,,https://i.postimg.cc/NFfmq8Rb/915049k.jpg,,,,,,,,,,Finish,Chrome,1,0,Material,Brass ,1,0,,Package Content,One Exposed Kit,1,,Key Feature,Anti Corrosive and Easy to Clean..,1,0,,Brand Name,Elvis,1,0,,,,,,
4123,simple,ALD-491,Head Shower Single Flow - ALD 491 ,1,0,visible,,,,,taxable,,1,42,,0,0,,,,,1,,714,840,Bathroom > Showers,,,https://i.postimg.cc/TYsmFD1q/ALD-491.jpg,,,,,,,,,,Finish,Chrome,1,0,Material,Brass ,1,0,,Package Content,One Shower ,1,,Key Feature,Anti Corrosive and Easy to Clean..,1,0,,Brand Name,Elvis,1,0,,,,,,
4124,simple,ALD-119,Telephonic Shower Complete - ALD-119 ,1,0,visible,,,,,taxable,,1,2,,0,0,,,,,1,,833,980,Bathroom > Showers,,,https://i.postimg.cc/bvcnNfQZ/ALD-119.jpg,,,,,,,,,,Finish,Chrome,1,0,Material,Brass ,1,0,,Package Content,One Telephonic Shower with Hose & Hook,1,,Key Feature,Anti Corrosive and Easy to Clean..,1,0,,Brand Name,Elvis,1,0,,,,,,
4125,simple,ALD-139,Telephonic Shower 3 Flow with 1.5 Mtr. Tube & Hook - ALD 139,1,0,visible,,,,,taxable,,1,26,,0,0,,,,,1,,1020,1200,Bathroom > Showers,,,https://i.postimg.cc/zBqRKw25/ALD-139.jpg,,,,,,,,,,Finish,Chrome,1,0,Material,Brass ,1,0,,Package Content,One Telephonic Shower with Hose & Hook,1,,Key Feature,Anti Corrosive and Easy to Clean..,1,0,,Brand Name,Elvis,1,0,,,,,,
4126,simple,ALD-1987,Telephone Shower Mist - ALD 1987,1,0,visible,,,,,taxable,,1,38,,0,0,,,,,1,,1101,1295,Bathroom > Showers,,,https://i.postimg.cc/HnxcPYCh/ALD-1987.jpg,,,,,,,,,,Finish,Chrome,1,0,Material,Brass ,1,0,,Package Content,One Telephonic Shower with Hose & Hook,1,,Key Feature,Anti Corrosive and Easy to Clean..,1,0,,Brand Name,Elvis,1,0,,,,,,
4127,simple,ALD-117,Telephonic Shower with 1.5 Mtr Chrome Plated Double Lock Flexible Tube with Wall Hook - ALD 117,1,0,visible,,,,,taxable,,1,5,,0,0,,,,,1,,850,1000,Bathroom > Showers,,,https://i.postimg.cc/jdDnHScW/ALD-117.jpg,,,,,,,,,,Finish,Chrome,1,0,Material,Brass ,1,0,,Package Content,One Telephonic Shower with Hose & Hook,1,,Key Feature,Anti Corrosive and Easy to Clean..,1,0,,Brand Name,Elvis,1,0,,,,,,
4128,simple,ALD-499,Telephonic Shower with 1.5 Mtr Chrome Plated Double Lock Flexible Tube with Wall Hook - ALD 499,1,0,visible,,,,,taxable,,1,29,,0,0,,,,,1,,1067,1255,Bathroom > Showers,,,https://i.postimg.cc/FFB7HQvh/ALD-499.jpg,,,,,,,,,,Finish,Chrome,1,0,Material,Brass ,1,0,,Package Content,One Telephonic Shower with Hose & Hook,1,,Key Feature,Anti Corrosive and Easy to Clean..,1,0,,Brand Name,Elvis,1,0,,,,,,
4129,simple,ALD-111,Telephonic Shower with 1.5 Mtr Chrome Plated Double Lock Flexible Tube with Wall Hook - ALD 111,1,0,visible,,,,,taxable,,1,82,,0,0,,,,,1,,850,1000,Bathroom > Showers,,,https://i.postimg.cc/0jM5wbvP/ALD-111.jpg,,,,,,,,,,Finish,Chrome,1,0,Material,Brass ,1,0,,Package Content,One Telephonic Shower with Hose & Hook,1,,Key Feature,Anti Corrosive and Easy to Clean..,1,0,,Brand Name,Elvis,1,0,,,,,,
4130,simple,ALD-497,Telephonic Shower with 1.5 Mtr Chrome Plated Double Lock Flexible Tube with Wall Hook - ALD 497,1,0,visible,,,,,taxable,,1,59,,0,0,,,,,1,,1016,1195,Bathroom > Showers,,,https://i.postimg.cc/G3Vm1JP2/ALD-497.jpg,,,,,,,,,,Finish,Chrome,1,0,Material,Brass ,1,0,,Package Content,One Telephonic Shower with Hose & Hook,1,,Key Feature,Anti Corrosive and Easy to Clean..,1,0,,Brand Name,Elvis,1,0,,,,,,
4131,simple,ALD-089,Over Head Shower 3 Flow with Arm & Flange 225 mm - ALD 089,1,0,visible,,,,,taxable,,1,23,,0,0,,,,,1,,931,1095,Bathroom > Showers,,,https://i.postimg.cc/c4341gTc/ALD-089.jpg,,,,,,,,,,Finish,Chrome,1,0,Material,Brass ,1,0,,Package Content,One Shower with Arm and Flanges,1,,Key Feature,Anti Corrosive and Easy to Clean..,1,0,,Brand Name,Elvis,1,0,,,,,,
4132,simple,ALD-041,Over Head Shower Single Flow with Rubit Cleaning System with 225mm Arm & Flange - ALD 041,1,0,visible,,,,,taxable,,1,84,,0,0,,,,,1,,723,850,Bathroom > Showers,,,https://i.postimg.cc/cJNCvm2w/ALD-041.jpg,,,,,,,,,,Finish,Chrome,1,0,Material,Brass ,1,0,,Package Content,One Shower with Arm and Flanges,1,,Key Feature,Anti Corrosive and Easy to Clean..,1,0,,Brand Name,Elvis,1,0,,,,,,
4133,simple,ALD-024,"Overhead Shower 4""X4"" - ALD-024",1,0,visible,,,,,taxable,,1,81,,0,0,,,,,1,,680,800,Bathroom > Showers,,,https://i.postimg.cc/0QVyHqQ0/ALD-024.jpg,,,,,,,,,,Finish,Chrome,1,0,Material,Brass ,1,0,,Package Content,One Shower,1,,Key Feature,Anti Corrosive and Easy to Clean..,1,0,,Brand Name,Elvis,1,0,,,,,,
4134,simple,ALD-042,Over Head Shower Single Flow with Rubit Cleaning System with 225mm Arm & Flange - ALD 042,1,0,visible,,,,,taxable,,1,31,,0,0,,,,,1,,723,850,Bathroom > Showers,,,https://i.postimg.cc/c15JRZPs/ALD-042.jpg,,,,,,,,,,Finish,Chrome,1,0,Material,Brass ,1,0,,Package Content,One Shower with Arm and Flanges,1,,Key Feature,Anti Corrosive and Easy to Clean..,1,0,,Brand Name,Elvis,1,0,,,,,,
4135,simple,ALD-003,CP Waste Coupling Half Thread 32mm - ALD 003,1,0,visible,,,,,taxable,,1,109,,0,0,,,,,1,,272,320,Bathroom > Accessories > Allied,,,https://i.postimg.cc/gJ2YhBDX/ALD-003.jpg,,,,,,,,,,Finish,Chrome,1,0,Material,Brass ,1,0,,Package Content,One Waste Coupling,1,,Key Feature,Anti Corrosive and Easy to Clean..,1,0,,Brand Name,Elvis,1,0,,,,,,
4136,simple,ALD-115,Telephonic Shower with 1.5 Mtr Chrome Plated Double Lock Flexible Tube with Wall Hook - ALD 115,1,0,visible,,,,,taxable,,1,49,,0,0,,,,,1,,850,1000,Bathroom > Showers,,,https://i.postimg.cc/wB0z9Qp6/ALD-115.jpg,,,,,,,,,,Finish,Chrome,1,0,Material,Brass ,1,0,,Package Content,One Telephonic Shower with Hose & Hook,1,,Key Feature,Anti Corrosive and Easy to Clean..,1,0,,Brand Name,Elvis,1,0,,,,,,
4137,simple,ALD-004,CP Waste Coupling Half Thread 32mm - ALD 004,1,0,visible,,,,,taxable,,1,102,,0,0,,,,,1,,332,390,Bathroom > Accessories > Allied,,,https://i.postimg.cc/QMt89ySB/ALD-004.jpg,,,,,,,,,,Finish,Chrome,1,0,Material,Brass ,1,0,,Package Content,One Waste Coupling,1,,Key Feature,Anti Corrosive and Easy to Clean..,1,0,,Brand Name,Elvis,1,0,,,,,,
4138,simple,ALD-004A,CP Waste Coupling Full Thread 32mm - ALD 004A,1,0,visible,,,,,taxable,,1,49,,0,0,,,,,1,,353,415,Bathroom > Accessories > Allied,,,https://i.postimg.cc/LXgmvgc2/ALD-004A.jpg,,,,,,,,,,Finish,Chrome,1,0,Material,Brass ,1,0,,Package Content,One Waste Coupling,1,,Key Feature,Anti Corrosive and Easy to Clean..,1,0,,Brand Name,Elvis,1,0,,,,,,
4139,simple,ALD-010,CP Pop Up Waste Regular - ALD 010,1,0,visible,,,,,taxable,,1,1,,0,0,,,,,1,,680,800,Bathroom > Accessories > Allied,,,https://i.postimg.cc/dVQvpxbW/ALD-010-ALD-011.jpg,,,,,,,,,,Finish,Chrome,1,0,Material,Brass ,1,0,,Package Content,One Waste Coupling,1,,Key Feature,Anti Corrosive and Easy to Clean..,1,0,,Brand Name,Elvis,1,0,,,,,,
4140,simple,ALD-018N,Shower Arm with Flange - ALD-018N ,1,0,visible,,,,,taxable,,1,8,,0,0,,,,,1,,319,375,Bathroom > Accessories > Shower Arm,,,https://i.postimg.cc/HxDNDJJp/ALD-018N.jpg,,,,,,,,,,Finish,Chrome,1,0,Material,Brass ,1,0,,Package Content,One Shower Arm with Flange,1,,Key Feature,Anti Corrosive and Easy to Clean..,1,0,,Brand Name,Elvis,1,0,,,,,,
4141,simple,ALD-759,Bottle Trap New Model with 300mm Long Wall Connection Pipe & Flange - ALD 759,1,0,visible,,,,,taxable,,1,3,,0,0,,,,,1,,1275,1500,Bathroom > Accessories > Allied,,,https://i.postimg.cc/L4Vbw8mp/ALD-759.jpg,,,,,,,,,,Finish,Chrome,1,0,Material,Brass ,1,0,,Package Content,One Bottle Trap,1,,Key Feature,Anti Corrosive and Easy to Clean..,1,0,,Brand Name,Elvis,1,0,,,,,,
4142,simple,ALD-002,PVC Connection Flora 450mm - ALD 022,1,0,visible,,,,,taxable,,1,139,,0,0,,,,,1,,1182,1390,Bathroom > Accessories > Allied,,,https://i.postimg.cc/dVhNhRrs/ALD-002.jpg,,,,,,,,,,Finish,Chrome,1,0,Material,Brass ,1,0,,Package Content,One PVC Connection,1,,Key Feature,Anti Corrosive and Easy to Clean..,1,0,,Brand Name,Elvis,1,0,,,,,,
4143,simple,ALD-048,Floor Drain Popup - ALD 048,1,0,visible,,,,,taxable,,1,35,,0,0,,,,,1,,421,495,Bathroom > Accessories > Allied,,,https://i.postimg.cc/Mpft66JX/ALD-048.jpg,,,,,,,,,,Finish,Chrome,1,0,Material,Brass ,1,0,,Package Content,One Floor Drain,1,,Key Feature,Anti Corrosive and Easy to Clean..,1,0,,Brand Name,Elvis,1,0,,,,,,
4144,simple,ALD-299,ALD-Angel Floor Trap-ALD 299,1,0,visible,,,,,taxable,,1,12,,0,0,,,,,1,,425,500,Bathroom > Accessories > Allied,,,https://i.postimg.cc/RZtQrgwH/ALD-299.jpg,,,,,,,,,,Finish,Chrome,1,0,Material,Brass ,1,0,,Package Content,One Floor Trap,1,,Key Feature,Anti Corrosive and Easy to Clean..,1,0,,Brand Name,Elvis,1,0,,,,,,
4145,simple,ALD-297,Floor Trap 150mm x 150mm Superb - ALD 297,1,0,visible,,,,,taxable,,1,44,,0,0,,,,,1,,425,500,Bathroom > Accessories > Allied,,,https://i.postimg.cc/8c3W9v54/ALD-297.jpg,,,,,,,,,,Finish,Chrome,1,0,Material,Brass ,1,0,,Package Content,One Floor Trap,1,,Key Feature,Anti Corrosive and Easy to Clean..,1,0,,Brand Name,Elvis,1,0,,,,,,
4146,simple,ALD-298,Floor Trap 150mm x 150mm Vectra - ALD 298,1,0,visible,,,,,taxable,,1,25,,0,0,,,,,1,,425,500,Bathroom > Accessories > Allied,,,https://i.postimg.cc/Qx9c5f4y/ALD-298.jpg,,,,,,,,,,Finish,Chrome,1,0,Material,Brass ,1,0,,Package Content,One Floor Trap,1,,Key Feature,Anti Corrosive and Easy to Clean..,1,0,,Brand Name,Elvis,1,0,,,,,,
4147,simple,ALD-555,"Rack Bolt Wall Hung with Brass Cap 5/8"" X 61/4"" Vectra - ALD 555",1,0,visible,,,,,taxable,,1,18,,0,0,,,,,1,,510,600,Bathroom > Accessories > Allied,,,https://i.postimg.cc/yNBRMsVM/ALD-555.jpg,,,,,,,,,,Finish,Chrome,1,0,Material,Brass ,1,0,,Package Content,One Rack Bolt,1,,Key Feature,Anti Corrosive and Easy to Clean..,1,0,,Brand Name,Elvis,1,0,,,,,,
4148,simple,ALD-680,Head Shower 200 X 200 MM - ALD 680,1,0,visible,,,,,taxable,,1,13,,0,0,,,,,1,,1594,1875,Bathroom > Showers,,,https://i.postimg.cc/Hkm4gQzv/ALD-680.jpg,,,,,,,,,,Finish,Chrome,1,0,Material,Brass ,1,0,,Package Content,One Shower Head,1,,Key Feature,Anti Corrosive and Easy to Clean..,1,0,,Brand Name,Elvis,1,0,,,,,,
4149,simple,ALD-530,Axor Head Shower 200 X 200 MM (BA) - ALD 530,1,0,visible,,,,,taxable,,1,25,,0,0,,,,,1,,2036,2395,Bathroom > Showers,,,https://i.postimg.cc/BvQT84dx/ALD-530.jpg,,,,,,,,,,Finish,Chrome,1,0,Material,Brass ,1,0,,Package Content,One Shower Head,1,,Key Feature,Anti Corrosive and Easy to Clean..,1,0,,Brand Name,Elvis,1,0,,,,,,
4150,simple,ALD-540,Axor Head Shower 300 X 300 MM (BA) - ALD 540,1,0,visible,,,,,taxable,,1,8,,0,0,,,,,1,,4675,5500,Bathroom > Showers,,,https://i.postimg.cc/RZr9V0JD/ALD-540.jpg,,,,,,,,,,Finish,Chrome,1,0,Material,Brass ,1,0,,Package Content,One Shower Head,1,,Key Feature,Anti Corrosive and Easy to Clean..,1,0,,Brand Name,Elvis,1,0,,,,,,
4151,simple,ALD-007,"CP Waste Coupling Long Thread 6"" Long - ALD 007",1,0,visible,,,,,taxable,,1,16,,0,0,,,,,1,,493,580,Bathroom > Accessories > Allied,,,https://i.postimg.cc/RVvZSV3d/ALD-007.jpg,,,,,,,,,,Finish,Chrome,1,0,Material,Brass ,1,0,,Package Content,One Waste Coupling,1,,Key Feature,Anti Corrosive and Easy to Clean..,1,0,,Brand Name,Elvis,1,0,,,,,,
4152,simple,ALD-032,CP Flexible Tube Double Lock 1.5mtr - ALD-032,1,0,visible,,,,,taxable,,1,114,,0,0,,,,,1,,383,450,Bathroom > Accessories > Allied,,,https://i.postimg.cc/5ybb2nty/ALD-060-ALD-032.jpg,,,,,,,,,,Finish,Chrome,1,0,Material,Brass ,1,0,,Package Content,One Flexible Tube 1.5 Mtr,1,,Key Feature,Anti Corrosive and Easy to Clean..,1,0,,Brand Name,Elvis,1,0,,,,,,
4153,simple,ALD-888,Health Faucet with One Meter Long CP Tube & Wall Hook - ALD 888,1,0,visible,,,,,taxable,,1,410,,0,0,,,,,1,,935,1100,Bathroom > Health Faucet,,,https://i.postimg.cc/FRGn0ZZ7/ALD-888.jpg,,,,,,,,,,Finish,Chrome,1,0,Material,Brass ,1,0,,Package Content,One Health Faucet with Tube & Hook,1,,Key Feature,Anti Corrosive and Easy to Clean..,1,0,,Brand Name,Elvis,1,0,,,,,,
4154,simple,ALD-999,Health Faucet Slimline with 1 Meter CP Tube & Hook - ALD 999,1,0,visible,,,,,taxable,,1,718,,0,0,,,,,1,,893,1050,Bathroom > Health Faucet,,,https://i.postimg.cc/rsPnPw7T/ALD-999.jpg,,,,,,,,,,Finish,Chrome,1,0,Material,Brass ,1,0,,Package Content,One Health Faucet with Tube & Hook,1,,Key Feature,Anti Corrosive and Easy to Clean..,1,0,,Brand Name,Elvis,1,0,,,,,,
4155,simple,ALD-616,Health Faucet with One Meter Long CP Tube & Wall Hook - ALD 616,1,0,visible,,,,,taxable,,1,15,,0,0,,,,,1,,808,950,Bathroom > Health Faucet,,,https://i.postimg.cc/bN4V0dQH/ALD-616.jpg,,,,,,,,,,Finish,Chrome,1,0,Material,Brass ,1,0,,Package Content,One Health Faucet with Tube & Hook,1,,Key Feature,Anti Corrosive and Easy to Clean..,1,0,,Brand Name,Elvis,1,0,,,,,,
4156,simple,ALD-939,Health Faucet Brass Round - ALD- 939 ,1,0,visible,,,,,taxable,,1,14,,0,0,,,,,1,,1020,1200,Bathroom > Health Faucet,,,https://i.postimg.cc/vBP34mYn/ALD-939.jpg,,,,,,,,,,Finish,Chrome,1,0,Material,Brass ,1,0,,Package Content,One Health Faucet,1,,Key Feature,Anti Corrosive and Easy to Clean..,1,0,,Brand Name,Elvis,1,0,,,,,,
4157,simple,ALD-777,Health Faucet Euromix with 1 Meter CP Tube & Hook - ALD 777,1,0,visible,,,,,taxable,,1,303,,0,0,,,,,1,,935,1100,Bathroom > Health Faucet,,,https://i.postimg.cc/59Rs1jkd/ALD-777.jpg,,,,,,,,,,Finish,Chrome,1,0,Material,Brass ,1,0,,Package Content,One Health Faucet with Tube & Hook,1,,Key Feature,Anti Corrosive and Easy to Clean..,1,0,,Brand Name,Elvis,1,0,,,,,,
4158,simple,HF-300,Health Faucet with One Meter Long CP Tube & Wall Hook - HF 300,1,0,visible,,,,,taxable,,1,294,,0,0,,,,,1,,722,849,Bathroom > Health Faucet,,,https://i.postimg.cc/bvpTLndb/HF-300.jpg,,,,,,,,,,Finish,Chrome,1,0,Material,Brass ,1,0,,Package Content,One Health Faucet with Tube & Hook,1,,Key Feature,Anti Corrosive and Easy to Clean..,1,0,,Brand Name,Elvis,1,0,,,,,,
4159,simple,418,Front Shelf with Frame12x5 - 418,1,0,visible,,,,,taxable,,1,48,,0,0,,,,,1,,1105,1300,Bathroom > Accessories > Towel Rack,,,https://i.postimg.cc/ZYdwbJkW/418.jpg,,,,,,,,,,Finish,Chrome,1,0,Material,Brass ,1,0,,Package Content,One Shelf with Frame,1,,Key Feature,Anti Corrosive and Easy to Clean..,1,0,,Brand Name,Elvis,1,0,,,,,,
4160,simple,HF-200,Health Faucet with One Meter Long CP Tube & Wall Hook - HF 200,1,0,visible,,,,,taxable,,1,104,,0,0,,,,,1,,654,769,Bathroom > Health Faucet,,,https://i.postimg.cc/fb1gCynh/HF-200.jpg,,,,,,,,,,Finish,Chrome,1,0,Material,Brass ,1,0,,Package Content,One Health Faucet with Tube & Hook,1,,Key Feature,Anti Corrosive and Easy to Clean..,1,0,,Brand Name,Elvis,1,0,,,,,,
4161,simple,HF-100,Health Faucet with One Meter Long CP Tube & Wall Hook - HF 100,1,0,visible,,,,,taxable,,1,66,,0,0,,,,,1,,594,699,Bathroom > Health Faucet,,,https://i.postimg.cc/m2Tp8Kqh/HF-100.jpg,,,,,,,,,,Finish,Chrome,1,0,Material,Brass ,1,0,,Package Content,One Health Faucet with Tube & Hook,1,,Key Feature,Anti Corrosive and Easy to Clean..,1,0,,Brand Name,Elvis,1,0,,,,,,
4162,simple,HF-400,Health Faucet with One Meter Long CP Tube & Wall Hook - HF 400,1,0,visible,,,,,taxable,,1,110,,0,0,,,,,1,,764,899,Bathroom > Health Faucet,,,https://i.postimg.cc/MKtP4d25/HF-400.jpg,,,,,,,,,,Finish,Chrome,1,0,Material,Brass ,1,0,,Package Content,One Health Faucet with Tube & Hook,1,,Key Feature,Anti Corrosive and Easy to Clean..,1,0,,Brand Name,Elvis,1,0,,,,,,
4163,simple,18019,Azzaro Pillar Cock with Extended Body - 18019,1,0,visible,,,,,taxable,,1,13,,0,0,,,,,1,,1870,2200,Taps & Mixers,,,https://i.postimg.cc/QxP5HTps/18019.jpg,,,,,,,,,,Finish,Chrome,1,0,Material,Brass ,1,0,,Package Content,One Pillar Cock,1,,Key Feature,Anti Corrosive and Easy to Clean..,1,0,,Brand Name,Elvis,1,0,,,,,,
4164,simple,49101,Superb Angle Cock - 49101,1,0,visible,,,,,taxable,,1,233,,0,0,,,,,1,,463,545,Bathroom > Accessories > Angle Cock,,,https://i.postimg.cc/63Y4w29k/49101.jpg,,,,,,,,,,Finish,Chrome,1,0,Material,Brass ,1,0,,Package Content,One Angle Cock,1,,Key Feature,Anti Corrosive and Easy to Clean..,1,0,,Brand Name,Elvis,1,0,,,,,,
4165,simple,23101,Angel Angle Cock - 23101,1,0,visible,,,,,taxable,,1,37,,0,0,,,,,1,,463,545,Bathroom > Accessories > Angle Cock,,,https://i.postimg.cc/VvvrNfvd/23101.jpg,,,,,,,,,,Finish,Chrome,1,0,Material,Brass ,1,0,,Package Content,One Angle Cock,1,,Key Feature,Anti Corrosive and Easy to Clean..,1,0,,Brand Name,Elvis,1,0,,,,,,
4166,simple,22101,Vectra Angle Cock - 22101,1,0,visible,,,,,taxable,,1,79,,0,0,,,,,1,,463,545,Bathroom > Accessories > Angle Cock,,,https://i.postimg.cc/850kthkz/22101.jpg,,,,,,,,,,Finish,Chrome,1,0,Material,Brass ,1,0,,Package Content,One Angle Cock,1,,Key Feature,Anti Corrosive and Easy to Clean..,1,0,,Brand Name,Elvis,1,0,,,,,,
4167,simple,911103,Exor Angle Cock - 911103,1,0,visible,,,,,taxable,,1,94,,0,0,,,,,1,,850,1000,Bathroom > Accessories > Angle Cock,,,https://i.postimg.cc/8kxMCvdG/911103.jpg,,,,,,,,,,Finish,Chrome,1,0,Material,Brass ,1,0,,Package Content,One Angle Cock,1,,Key Feature,Anti Corrosive and Easy to Clean..,1,0,,Brand Name,Elvis,1,0,,,,,,
4168,simple,911019,Exor Pillar Cock Extended Body - 911019,1,0,visible,,,,,taxable,,1,24,,0,0,,,,,1,,2542,2990,Taps & Mixers,,,https://i.postimg.cc/BnBKNwrZ/911019.jpg,,,,,,,,,,Finish,Chrome,1,0,Material,Brass ,1,0,,Package Content,One Pillar Cock,1,,Key Feature,Anti Corrosive and Easy to Clean..,1,0,,Brand Name,Elvis,1,0,,,,,,
4169,simple,4058,Forma Bib Cock Long Body with Flange - 4058,1,0,visible,,,,,taxable,,1,40,,0,0,,,,,1,,1182,1390,Taps & Mixers,,,https://i.postimg.cc/TwFLp8D0/4049-4058.jpg,,,,,,,,,,Finish,Chrome,1,0,Material,Brass ,1,0,,Package Content,One Bib Cock (Long Body),1,,Key Feature,Anti Corrosive and Easy to Clean..,1,0,,Brand Name,Elvis,1,0,,,,,,
4170,simple,22488,Vectra Sink Mixer - 22488,1,0,visible,,,,,taxable,,1,16,,0,0,,,,,1,,2975,3500,Kitchen > Kitchen Mixers,,,https://i.postimg.cc/MZffgGCF/22488.jpg,,,,,,,,,,Finish,Chrome,1,0,Material,Brass ,1,0,,Package Content,One Sink Mixer,1,,Key Feature,Anti Corrosive and Easy to Clean..,1,0,,Brand Name,Elvis,1,0,,,,,,
4171,simple,23049K,Angel Exposed Kit for Single Lever Diverter Body High Flow (Suitable for ALD 049) - 23049K,1,0,visible,,,,,taxable,,1,36,,0,0,,,,,1,,1445,1700,Taps & Mixers,,,https://i.postimg.cc/L8DJjgPn/23049K.jpg,,,,,,,,,,Finish,Chrome,1,0,Material,Brass ,1,0,,Package Content,One Diverter Body (High Flow),1,,Key Feature,Anti Corrosive and Easy to Clean..,1,0,,Brand Name,Elvis,1,0,,,,,,
4172,simple,789058,Matris Bib Cock Long Body - 789058,1,0,visible,,,,,taxable,,1,396,,0,0,,,,,1,,918,1080,Taps & Mixers,,,https://i.postimg.cc/7YyhcnM5/789049-789058.jpg,,,,,,,,,,Finish,Chrome,1,0,Material,Brass ,1,0,,Package Content,One Bib Cock (Long Body),1,,Key Feature,Anti Corrosive and Easy to Clean..,1,0,,Brand Name,Elvis,1,0,,,,,,
4173,simple,99522,Alexa Sink Cock - 99522,1,0,visible,,,,,taxable,,1,66,,0,0,,,,,1,,1156,1360,Kitchen > Kitchen Mixers,,,https://i.postimg.cc/Vv9f12Bd/99522-99535.jpg,,,,,,,,,,Finish,Chrome,1,0,Material,Brass ,1,0,,Package Content,One Sink Cock,1,,Key Feature,Anti Corrosive and Easy to Clean..,1,0,,Brand Name,Elvis,1,0,,,,,,
4174,simple,99793,Alexa Swan Neck - 99793,1,0,visible,,,,,taxable,,1,22,,0,0,,,,,1,,1156,1360,Taps & Mixers,,,https://i.postimg.cc/x11fDxk1/99793-99798.jpg,,,,,,,,,,Finish,Chrome,1,0,Material,Brass ,1,0,,Package Content,One Sink Cock,1,,Key Feature,Anti Corrosive and Easy to Clean..,1,0,,Brand Name,Elvis,1,0,,,,,,
4175,simple,49333,Superb Wall Mixer with Bend (High Flow) - 49333,1,0,visible,,,,,taxable,,1,12,,0,0,,,,,1,,4335,5100,Taps & Mixers,,,https://i.postimg.cc/ZRpZFXQV/49333.jpg,,,,,,,,,,Finish,Chrome,1,0,Material,Brass ,1,0,,Package Content,One Wall Mixer,1,,Key Feature,Anti Corrosive and Easy to Clean..,1,0,,Brand Name,Elvis,1,0,,,,,,
4176,simple,789019,Matris Pillar Cock Extended Body - 789019,1,0,visible,,,,,taxable,,1,17,,0,0,,,,,1,,1870,2200,Taps & Mixers,,,https://i.postimg.cc/FH64t95T/789019.jpg,,,,,,,,,,Finish,Chrome,1,0,Material,Brass ,1,0,,Package Content,One Pillar Cock,1,,Key Feature,Anti Corrosive and Easy to Clean..,1,0,,Brand Name,Elvis,1,0,,,,,,
