Name,ID,Type,SKU,Published,Is featured?,Visibility in catalog,Short description,Description,Date sale price starts,Date sale price ends,Tax status,Tax class,In stock?,Stock,Low stock amount,Backorders allowed?,Sold individually?,Weight (kg),Length (mm),Width (mm),Height (mm),Allow customer reviews?,Purchase note,Sale price,Regular price,Categories,Tags,Shipping class,Images,Download limit,Download expiry days,Parent,Grouped products,Upsells,Cross-sells,External URL,Button text,Position,Attribute 1 name,Attribute 1 value(s),Attribute 1 visible,Attribute 1 global,Attribute 2 name,Attribute 2 value(s),Attribute 2 visible,Attribute 2 global,Attribute 2 default,Attribute 3 name,Attribute 3 value(s),Attribute 3 visible,Attribute 3 global,Attribute 4 name,Attribute 4 value(s),Attribute 4 visible,Attribute 4 global,Attribute 4 default,Attribute 5 name,Attribute 5 value(s),Attribute 5 visible,Attribute 5 global,Attribute 6 name,Attribute 6 value(s),Attribute 6 visible,Attribute 6 global,Attribute 3 default,Attribute 6 default
Single Piece Closet - Dream (S-Trap),8001,simple,SNTSPCDRM-S,1,0,visible,,,,,taxable,,0,0,,0,0,,660,370,746,1,,12142,14285,Bathroom > Toilet > One Piece Toilet,,,https://i.postimg.cc/jqFrHtX6/Dream.jpg,,,,,,,,,,Material,Ceramic,1,0,Warranty,7 Years,1,0,,,,1,0,,,1,0,,,,1,0,Brand Name,Sonet,1,0,,
Single Piece Closet - Vega,8002,simple,SNTSPCVGA,1,0,visible,,,,,taxable,,0,0,,0,0,,675,360,740,1,,12142,14285,Bathroom > Toilet > One Piece Toilet,,,https://i.postimg.cc/k5fH7vYN/Vega.jpg,,,,,,,,,,Material,Ceramic,1,0,Warranty,7 Years,1,0,,,,1,0,,,1,0,,,,1,0,Brand Name,Sonet,1,0,,
Single Piece Closet - Duster ,8003,simple,SNTSPCDUSTR,1,0,visible,,,,,taxable,,0,0,,0,0,,675,350,725,1,,10685,12570,Bathroom > Toilet > One Piece Toilet,,,https://i.postimg.cc/mkFpNfLV/Duster-P-S.jpg,,,,,,,,,,Material,Ceramic,1,0,Warranty,7 Years,1,0,,,,1,0,,,1,0,,,,1,0,Brand Name,Sonet,1,0,,
Single Piece Closet - Cruze,8004,simple,SNTSPCCRUZ,1,0,visible,,,,,taxable,,0,0,,0,0,,640,350,725,1,,12142,14285,Bathroom > Toilet > One Piece Toilet,,,https://i.postimg.cc/bYDqFZdV/Cruze.jpg,,,,,,,,,,Material,Ceramic,1,0,Warranty,7 Years,1,0,,,,1,0,,,1,0,,,,1,0,Brand Name,Sonet,1,0,,
Single Piece Closet - Force,8005,simple,SNTSPCFRCE,1,0,visible,,,,,taxable,,0,0,,0,0,,630,340,715,1,,10685,12570,Bathroom > Toilet > One Piece Toilet,,,https://i.postimg.cc/kXWqqLQx/Force.jpg,,,,,,,,,,Material,Ceramic,1,0,Warranty,7 Years,1,0,,,,1,0,,,1,0,,,,1,0,Brand Name,Sonet,1,0,,
Single Piece Closet - Grand,8006,simple,SNTSPCGRND,1,0,visible,,,,,taxable,,0,0,,0,0,,685,355,725,1,,10685,12570,Bathroom > Toilet > One Piece Toilet,,,https://i.postimg.cc/k5gmN4kc/Grand.jpg,,,,,,,,,,Material,Ceramic,1,0,Warranty,7 Years,1,0,,,,1,0,,,1,0,,,,1,0,Brand Name,Sonet,1,0,,
Single Piece Closet - Winger,8007,simple,SNTSPCWNGR,1,0,visible,,,,,taxable,,0,0,,0,0,,645,350,700,1,,8258,9715,Bathroom > Toilet > One Piece Toilet,,,https://i.postimg.cc/cHKGjz1t/Winger.jpg,,,,,,,,,,Material,Ceramic,1,0,Warranty,7 Years,1,0,,,,1,0,,,1,0,,,,1,0,Brand Name,Sonet,1,0,,
Wall Hung Closet - Commander,8008,simple,SNTWHCCOMNDR,1,0,visible,,,,,taxable,,0,0,,0,0,,520,370,,1,,7166,8430,Bathroom > Toilet > Wall Hung Toilet,,,https://i.postimg.cc/Y01ZBK50/Commander.jpg,,,,,,,,,,Material,Ceramic,1,0,Warranty,7 Years,1,0,,,,1,0,,,1,0,,,,1,0,Brand Name,Sonet,1,0,,
Wall Hung Closet - Crown,8009,simple,SNTWHCCRWN,1,0,visible,,,,,taxable,,0,0,,0,0,,500,350,,1,,6558,7715,Bathroom > Toilet > Wall Hung Toilet,,,https://i.postimg.cc/XNFTCdrW/Crown.jpg,,,,,,,,,,Material,Ceramic,1,0,Warranty,7 Years,1,0,,,,1,0,,,1,0,,,,1,0,Brand Name,Sonet,1,0,,
Wall Hung Closet - Casio,8010,simple,SNTWHCCASIO,1,0,visible,,,,,taxable,,0,0,,0,0,,505,355,,1,,6558,7715,Bathroom > Toilet > Wall Hung Toilet,,,https://i.postimg.cc/Zq2M95Z0/Casio.jpg,,,,,,,,,,Material,Ceramic,1,0,Warranty,7 Years,1,0,,,,1,0,,,1,0,,,,1,0,Brand Name,Sonet,1,0,,
Wall Hung Closet - Carla,8011,simple,SNTWHCCARLA,1,0,visible,,,,,taxable,,0,0,,0,0,,505,365,,1,,5342,6285,Bathroom > Toilet > Wall Hung Toilet,,,https://i.postimg.cc/9M9NyHFb/Carla.jpg,,,,,,,,,,Material,Ceramic,1,0,Warranty,7 Years,1,0,,,,1,0,,,1,0,,,,1,0,Brand Name,Sonet,1,0,,
Wall Hung Closet - Comlex,8012,simple,SNTWHCCOMLEX,1,0,visible,,,,,taxable,,0,0,,0,0,,505,345,,1,,6558,7715,Bathroom > Toilet > Wall Hung Toilet,,,https://i.postimg.cc/5NgKB31h/Comiex.jpg,,,,,,,,,,Material,Ceramic,1,0,Warranty,7 Years,1,0,,,,1,0,,,1,0,,,,1,0,Brand Name,Sonet,1,0,,
Wall Hung Closet - Croma,8013,simple,SNTWHCCROMA,1,0,visible,,,,,taxable,,0,0,,0,0,,480,345,,1,,6558,7715,Bathroom > Toilet > Wall Hung Toilet,,,https://i.postimg.cc/hjVpf8p3/Croma.jpg,,,,,,,,,,Material,Ceramic,1,0,Warranty,7 Years,1,0,,,,1,0,,,1,0,,,,1,0,Brand Name,Sonet,1,0,,
Wall Hung Closet - Crenza,8014,simple,SNTWHCCRENZA,1,0,visible,,,,,taxable,,0,0,,0,0,,505,355,,1,,6558,7715,Bathroom > Toilet > Wall Hung Toilet,,,https://i.postimg.cc/Xq3xFZPN/Crenza.jpg,,,,,,,,,,Material,Ceramic,1,0,Warranty,7 Years,1,0,,,,1,0,,,1,0,,,,1,0,Brand Name,Sonet,1,0,,
Wall Hung Closet - Wipro,8015,simple,SNTWHCWIPRO,1,0,visible,,,,,taxable,,0,0,,0,0,,535,360,,1,,4373,5145,Bathroom > Toilet > Wall Hung Toilet,,,https://i.postimg.cc/Cxd7jpc8/Vipro.jpg,,,,,,,,,,Material,Ceramic,1,0,Warranty,7 Years,1,0,,,,1,0,,,1,0,,,,1,0,Brand Name,Sonet,1,0,,
Wall Hung Closet - Normus,8016,simple,SNTWHCNORMUS,1,0,visible,,,,,taxable,,0,0,,0,0,,530,370,,1,,4373,5145,Bathroom > Toilet > Wall Hung Toilet,,,https://i.postimg.cc/1t1Khns0/Normus.jpg,,,,,,,,,,Material,Ceramic,1,0,Warranty,7 Years,1,0,,,,1,0,,,1,0,,,,1,0,Brand Name,Sonet,1,0,,
Wall Hung Closet - Mega,8017,simple,SNTWHCMEGA,1,0,visible,,,,,taxable,,0,0,,0,0,,480,355,,1,,4008,4715,Bathroom > Toilet > Wall Hung Toilet,,,https://i.postimg.cc/cCX7nFYT/Mega.jpg,,,,,,,,,,Material,Ceramic,1,0,Warranty,7 Years,1,0,,,,1,0,,,1,0,,,,1,0,Brand Name,Sonet,1,0,,
Wall Hung Closet - Pyramid,8018,simple,SNTWHCPYRAMID,1,0,visible,,,,,taxable,,0,0,,0,0,,535,380,,1,,11658,13715,Bathroom > Toilet > Wall Hung Toilet,,,https://i.postimg.cc/3JxFTH5q/Pyramid.jpg,,,,,,,,,,Material,Ceramic,1,0,Warranty,7 Years,1,0,,,,1,0,,,1,0,,,,1,0,Brand Name,Sonet,1,0,,
Wall Hung Closet - Corolla (530X350MM),8019,simple,SNTWHCCOROLA530,1,0,visible,,,,,taxable,,0,0,,0,0,,530,350,,1,,4373,5145,Bathroom > Toilet > Wall Hung Toilet,,,https://i.postimg.cc/qvtcNX7X/Corolla.jpg,,,,,,,,,,Material,Ceramic,1,0,Warranty,7 Years,1,0,,,,1,0,,,1,0,,,,1,0,Brand Name,Sonet,1,0,,
Wall Hung Closet - Corolla (500X350MM),8020,simple,SNTWHCCOROLA500,1,0,visible,,,,,taxable,,0,0,,0,0,,500,350,,1,,4008,4715,Bathroom > Toilet > Wall Hung Toilet,,,https://i.postimg.cc/qvtcNX7X/Corolla.jpg,,,,,,,,,,Material,Ceramic,1,0,Warranty,7 Years,1,0,,,,1,0,,,1,0,,,,1,0,Brand Name,Sonet,1,0,,
Wall Hung Closet - Cosmo,8021,simple,SNTWHCCOSMO,1,0,visible,,,,,taxable,,0,0,,0,0,,550,350,,1,,4977,5855,Bathroom > Toilet > Wall Hung Toilet,,,https://i.postimg.cc/h4pVM3z1/Cosmo.jpg,,,,,,,,,,Material,Ceramic,1,0,Warranty,7 Years,1,0,,,,1,0,,,1,0,,,,1,0,Brand Name,Sonet,1,0,,
Wash Basin with Half Pedestal - Dolphin,8022,simple,SNTWBHPDLPHN,1,0,visible,,,,,taxable,,0,0,,0,0,,520,450,,1,,4250,5000,Bathroom > Wash Basin > Wall Hung with Pedestal Basins,,,https://i.postimg.cc/zBfGfpzq/Dolphin.jpg,,,,,,,,,,Material,Ceramic,1,0,Warranty,7 Years,1,0,,,,1,0,,,1,0,,,,1,0,Brand Name,Sonet,1,0,,
Wash Basin with Half Pedestal - Droop,8023,simple,SNTWBHPDOOP,1,0,visible,,,,,taxable,,0,0,,0,0,,440,360,,1,,1666,1960,Bathroom > Wash Basin > Wall Hung with Pedestal Basins,,,https://i.postimg.cc/tTfp4jvz/Droop.jpg,,,,,,,,,,Material,Ceramic,1,0,Warranty,7 Years,1,0,,,,1,0,,,1,0,,,,1,0,Brand Name,Sonet,1,0,,
"Wash Basin with Half Pedestal - Fabiya (20"" X 16"")",8024,simple,SNTWBHPFBIYA20X16,1,0,visible,,,,,taxable,,0,0,,0,0,,500,400,,1,,2091,2460,Bathroom > Wash Basin > Wall Hung with Pedestal Basins,,,https://i.postimg.cc/bJGdTLK3/Fabia.jpg,,,,,,,,,,Material,Ceramic,1,0,Warranty,7 Years,1,0,,,,1,0,,,1,0,,,,1,0,Brand Name,Sonet,1,0,,
"Wash Basin with Half Pedestal - Camry (25"" X 22"")",8025,simple,SNTWBHPCMRY25X16,1,0,visible,,,,,taxable,,0,0,,0,0,,640,560,,1,,2916,3430,Bathroom > Wash Basin > Wall Hung with Pedestal Basins,,,https://i.postimg.cc/zBRXWvgQ/Camry.jpg,,,,,,,,,,Material,Ceramic,1,0,Warranty,7 Years,1,0,,,,1,0,,,1,0,,,,1,0,Brand Name,Sonet,1,0,,
"Wash Basin with Half Pedestal - Camry (18"" X 15"")",8026,simple,SNTWBHPCMRYN18X15,1,0,visible,,,,,taxable,,0,0,,0,0,,455,395,,1,,2091,2460,Bathroom > Wash Basin > Wall Hung with Pedestal Basins,,,https://i.postimg.cc/zBRXWvgQ/Camry.jpg,,,,,,,,,,Material,Ceramic,1,0,Warranty,7 Years,1,0,,,,1,0,,,1,0,,,,1,0,Brand Name,Sonet,1,0,,
Wash Basin with Half Pedestal - Lauret,8027,simple,SNTWBHPLURET,1,0,visible,,,,,taxable,,0,0,,0,0,,635,465,,1,,2406,2830,Bathroom > Wash Basin > Wall Hung with Pedestal Basins,,,https://i.postimg.cc/4dtsyMCk/Lauret.jpg,,,,,,,,,,Material,Ceramic,1,0,Warranty,7 Years,1,0,,,,1,0,,,1,0,,,,1,0,Brand Name,Sonet,1,0,,
"Wash Basin with Half Pedestal - Fabiya (18"" X 14"")",8028,simple,SNTWBHPFBIYA18X14,1,0,visible,,,,,taxable,,0,0,,0,0,,450,355,,1,,1726,2030,Bathroom > Wash Basin > Wall Hung with Pedestal Basins,,,https://i.postimg.cc/bJGdTLK3/Fabia.jpg,,,,,,,,,,Material,Ceramic,1,0,Warranty,7 Years,1,0,,,,1,0,,,1,0,,,,1,0,Brand Name,Sonet,1,0,,
Wash Basin with Half Pedestal - Yuga,8029,simple,SNTWBHPYUGA,1,0,visible,,,,,taxable,,0,0,,0,0,,560,450,,1,,2329,2740,Bathroom > Wash Basin > Wall Hung with Pedestal Basins,,,https://i.postimg.cc/GtcVRSdj/Yuga.jpg,,,,,,,,,,Material,Ceramic,1,0,Warranty,7 Years,1,0,,,,1,0,,,1,0,,,,1,0,Brand Name,Sonet,1,0,,
Wash Basin with Half Pedestal - Silver,8030,simple,SNTWBHPSLVER,1,0,visible,,,,,taxable,,0,0,,0,0,,470,455,,1,,1602,1885,Bathroom > Wash Basin > Wall Hung with Pedestal Basins,,,https://i.postimg.cc/tTbmdmZH/Silver.jpg,,,,,,,,,,Material,Ceramic,1,0,Warranty,7 Years,1,0,,,,1,0,,,1,0,,,,1,0,Brand Name,Sonet,1,0,,
Wash Basin with Half Pedestal - Normus,8031,simple,SNTWBHPNRMUS,1,0,visible,,,,,taxable,,0,0,,0,0,,500,405,,1,,1947,2290,Bathroom > Wash Basin > Wall Hung with Pedestal Basins,,,https://i.postimg.cc/V644qsPj/Normus.jpg,,,,,,,,,,Material,Ceramic,1,0,Warranty,7 Years,1,0,,,,1,0,,,1,0,,,,1,0,Brand Name,Sonet,1,0,,
Wash Basin with Half Pedestal - Carla,8032,simple,SNTWBHPCRLA,1,0,visible,,,,,taxable,,0,0,,0,0,,590,485,,1,,2406,2830,Bathroom > Wash Basin > Wall Hung with Pedestal Basins,,,https://i.postimg.cc/6qm0PH3q/Carla.jpg,,,,,,,,,,Material,Ceramic,1,0,Warranty,7 Years,1,0,,,,1,0,,,1,0,,,,1,0,Brand Name,Sonet,1,0,,
Wash Basin with Half Pedestal - Lunex,8033,simple,SNTWBHPLUNEX,1,0,visible,,,,,taxable,,0,0,,0,0,,560,440,,1,,2210,2600,Bathroom > Wash Basin > Wall Hung with Pedestal Basins,,,https://i.postimg.cc/DzPchfZt/Lunex.jpg,,,,,,,,,,Material,Ceramic,1,0,Warranty,7 Years,1,0,,,,1,0,,,1,0,,,,1,0,Brand Name,Sonet,1,0,,
Wall Hung Wash Basin - Brio,8034,simple,SNTWHWBBRIO,1,0,visible,,,,,taxable,,0,0,,0,0,,450,230,,1,,1092,1285,Bathroom > Wash Basin > Wall Hung Basins,,,https://i.postimg.cc/nL33yK0y/Brio.jpg,,,,,,,,,,Material,Ceramic,1,0,Warranty,7 Years,1,0,,,,1,0,,,1,0,,,,1,0,Brand Name,Sonet,1,0,,
Wall Hung Wash Basin - Sunny,8035,simple,SNTWHWBSUNNY,1,0,visible,,,,,taxable,,0,0,,0,0,,340,230,,1,,629,740,Bathroom > Wash Basin > Wall Hung Basins,,,https://i.postimg.cc/TwyJBzyb/Sunny.jpg,,,,,,,,,,Material,Ceramic,1,0,Warranty,7 Years,1,0,,,,1,0,,,1,0,,,,1,0,Brand Name,Sonet,1,0,,
Wall Hung Wash Basin - Matrix,8036,simple,SNTWHWBMATRIX,1,0,visible,,,,,taxable,,0,0,,0,0,,400,265,,1,,973,1145,Bathroom > Wash Basin > Wall Hung Basins,,,https://i.postimg.cc/2jh4vFnC/Matrix.jpg,,,,,,,,,,Material,Ceramic,1,0,Warranty,7 Years,1,0,,,,1,0,,,1,0,,,,1,0,Brand Name,Sonet,1,0,,
Wall Hung Wash Basin - Real,8037,simple,SNTWHWBRREAL,1,0,visible,,,,,taxable,,0,0,,0,0,,300,245,,1,,629,740,Bathroom > Wash Basin > Wall Hung Basins,,,https://i.postimg.cc/C5sB274D/Real.jpg,,,,,,,,,,Material,Ceramic,1,0,Warranty,7 Years,1,0,,,,1,0,,,1,0,,,,1,0,Brand Name,Sonet,1,0,,
Wall Hung Wash Basin - Yeti,8038,simple,SNTWHWBYETI,1,0,visible,,,,,taxable,,0,0,,0,0,,360,255,,1,,850,1000,Bathroom > Wash Basin > Wall Hung Basins,,,https://i.postimg.cc/D0nm1sKz/Yeti.jpg,,,,,,,,,,Material,Ceramic,1,0,Warranty,7 Years,1,0,,,,1,0,,,1,0,,,,1,0,Brand Name,Sonet,1,0,,
Wall Hung Wash Basin - Ravi,8039,simple,SNTWHWBRAVI,1,0,visible,,,,,taxable,,0,0,,0,0,,355,290,,1,,629,740,Bathroom > Wash Basin > Wall Hung Basins,,,https://i.postimg.cc/3JLWDdfK/Ravi.jpg,,,,,,,,,,Material,Ceramic,1,0,Warranty,7 Years,1,0,,,,1,0,,,1,0,,,,1,0,Brand Name,Sonet,1,0,,
Wall Hung Wash Basin - Rex,8040,simple,SNTWHWBREX,1,0,visible,,,,,taxable,,0,0,,0,0,,410,275,,1,,727,855,Bathroom > Wash Basin > Wall Hung Basins,,,https://i.postimg.cc/Z52RVXh2/Rex.jpg,,,,,,,,,,Material,Ceramic,1,0,Warranty,7 Years,1,0,,,,1,0,,,1,0,,,,1,0,Brand Name,Sonet,1,0,,
Wall Hung Wash Basin - Goldy,8041,simple,SNTWHWBGOLDY,1,0,visible,,,,,taxable,,0,0,,0,0,,420,340,,1,,2066,2430,Bathroom > Wash Basin > Wall Hung Basins,,,https://i.postimg.cc/KjGv12nk/Goldy.jpg,,,,,,,,,,Material,Ceramic,1,0,Warranty,7 Years,1,0,,,,1,0,,,1,0,,,,1,0,Brand Name,Sonet,1,0,,
Wall Hung Wash Basin - Audi,8042,simple,SNTWHWBAUDI,1,0,visible,,,,,taxable,,0,0,,0,0,,400,220,,1,,850,1000,Bathroom > Wash Basin > Wall Hung Basins,,,https://i.postimg.cc/7YLZDqHj/Audi.jpg,,,,,,,,,,Material,Ceramic,1,0,Warranty,7 Years,1,0,,,,1,0,,,1,0,,,,1,0,Brand Name,Sonet,1,0,,
"Wall Hung Wash Basin - Simco 20"" x 16""",8043,simple,SNTWHWBSIMCO,1,0,visible,,,,,taxable,,0,0,,0,0,,510,415,,1,,1700,2000,Bathroom > Wash Basin > Wall Hung Basins,,,https://i.postimg.cc/8czN1bSL/Simco.jpg,,,,,,,,,,Material,Ceramic,1,0,Warranty,7 Years,1,0,,,,1,0,,,1,0,,,,1,0,Brand Name,Sonet,1,0,,
"Wall Hung Wash Basin - Star 18"" x 10""",8044,simple,SNTWHWBSTAR,1,0,visible,,,,,taxable,,0,0,,0,0,,460,270,,1,,727,855,Bathroom > Wash Basin > Wall Hung Basins,,,https://i.postimg.cc/wTPgpJbs/Star.jpg,,,,,,,,,,Material,Ceramic,1,0,Warranty,7 Years,1,0,,,,1,0,,,1,0,,,,1,0,Brand Name,Sonet,1,0,,
"Wall Hung Wash Basin - Fabiya 18"" x 14""",8045,simple,SNTWHWBFABIYA,1,0,visible,,,,,taxable,,0,0,,0,0,,450,350,,1,,850,1000,Bathroom > Wash Basin > Wall Hung Basins,,,https://i.postimg.cc/rm8LJ9z7/Fabia.jpg,,,,,,,,,,Material,Ceramic,1,0,Warranty,7 Years,1,0,,,,1,0,,,1,0,,,,1,0,Brand Name,Sonet,1,0,,
"Wall Hung Wash Basin - Matiz 18"" x 13""",8046,simple,SNTWHWBMATIZ,1,0,visible,,,,,taxable,,0,0,,0,0,,465,345,,1,,727,855,Bathroom > Wash Basin > Wall Hung Basins,,,https://i.postimg.cc/FzzXtsyZ/Matis.jpg,,,,,,,,,,Material,Ceramic,1,0,Warranty,7 Years,1,0,,,,1,0,,,1,0,,,,1,0,Brand Name,Sonet,1,0,,
"Wall Hung Wash Basin - Enjoy 20"" x 15""",8047,simple,SNTWHWBENJOY,1,0,visible,,,,,taxable,,0,0,,0,0,,500,400,,1,,973,1145,Bathroom > Wash Basin > Wall Hung Basins,,,https://i.postimg.cc/28qN2y8j/Enjoy.jpg,,,,,,,,,,Material,Ceramic,1,0,Warranty,7 Years,1,0,,,,1,0,,,1,0,,,,1,0,Brand Name,Sonet,1,0,,
"Wall Hung Wash Basin - Kohinoor 18"" x 12""",8048,simple,SNTWHWBKOHINOR,1,0,visible,,,,,taxable,,0,0,,0,0,,450,310,,1,,727,855,Bathroom > Wash Basin > Wall Hung Basins,,,https://i.postimg.cc/pTVg8X6H/Kohinoor.jpg,,,,,,,,,,Material,Ceramic,1,0,Warranty,7 Years,1,0,,,,1,0,,,1,0,,,,1,0,Brand Name,Sonet,1,0,,
Wall Hung Wash Basin - Liva,8049,simple,SNTWHWBLIVA,1,0,visible,,,,,taxable,,0,0,,0,0,,430,370,,1,,1700,2000,Bathroom > Wash Basin > Wall Hung Basins,,,https://i.postimg.cc/7Zvd9NWX/Liva.jpg,,,,,,,,,,Material,Ceramic,1,0,Warranty,7 Years,1,0,,,,1,0,,,1,0,,,,1,0,Brand Name,Sonet,1,0,,
"Wall Hung Wash Basin - New Sandy 19"" x 12""",8050,simple,SNTWHWBNWSANDY,1,0,visible,,,,,taxable,,0,0,,0,0,,455,320,,1,,2431,2860,Bathroom > Wash Basin > Wall Hung Basins,,,https://i.postimg.cc/yNs548BZ/New-Sandy.jpg,,,,,,,,,,Material,Ceramic,1,0,Warranty,7 Years,1,0,,,,1,0,,,1,0,,,,1,0,Brand Name,Sonet,1,0,,
"Wall Hung Wash Basin - Sacmi 16"" x 16""",8051,simple,SNTWHWBSACMI,1,0,visible,,,,,taxable,,0,0,,0,0,,400,410,,1,,1335,1570,Bathroom > Wash Basin > Wall Hung Basins,,,https://i.postimg.cc/HWFTGXN8/Sacmi.jpg,,,,,,,,,,Material,Ceramic,1,0,Warranty,7 Years,1,0,,,,1,0,,,1,0,,,,1,0,Brand Name,Sonet,1,0,,
"Wall Hung Wash Basin - Levis 16"" x 16""",8052,simple,SNTWHWBLEVIS,1,0,visible,,,,,taxable,,0,0,,0,0,,410,410,120,1,,2431,2860,Bathroom > Wash Basin > Wall Hung Basins,,,https://i.postimg.cc/hjfR6tb0/Levis.jpg,,,,,,,,,,Material,Ceramic,1,0,Warranty,7 Years,1,0,,,,1,0,,,1,0,,,,1,0,Brand Name,Sonet,1,0,,
"Wall Hung Wash Basin - Golden 18"" x 14""",8053,simple,SNTWHWBGOLDN,1,0,visible,,,,,taxable,,0,0,,0,0,,460,360,,1,,727,855,Bathroom > Wash Basin > Wall Hung Basins,,,https://i.postimg.cc/xd1wN17S/Golden.jpg,,,,,,,,,,Material,Ceramic,1,0,Warranty,7 Years,1,0,,,,1,0,,,1,0,,,,1,0,Brand Name,Sonet,1,0,,
Wall Hung Wash Basin - Beat,8054,simple,SNTWHWBBEAT,1,0,visible,,,,,taxable,,0,0,,0,0,,305,305,,1,,973,1145,Bathroom > Wash Basin > Wall Hung Basins,,,https://i.postimg.cc/hjJNM3cy/Beat.jpg,,,,,,,,,,Material,Ceramic,1,0,Warranty,7 Years,1,0,,,,1,0,,,1,0,,,,1,0,Brand Name,Sonet,1,0,,
"Wall Hung Wash Basin - Corner (14""x14"")",8055,simple,SNTWHWBCORNR14X14,1,0,visible,,,,,taxable,,0,0,,0,0,,340,415,,1,,1033,1215,Bathroom > Wash Basin > Wall Hung Basins,,,https://i.postimg.cc/wjTf0bkX/Corner.jpg,,,,,,,,,,Material,Ceramic,1,0,Warranty,7 Years,1,0,,,,1,0,,,1,0,,,,1,0,Brand Name,Sonet,1,0,,
"Wall Hung Wash Basin - Kores 21"" x 17""",8056,simple,SNTWHWBKORES,1,0,visible,,,,,taxable,,0,0,,0,0,,540,425,,1,,1823,2145,Bathroom > Wash Basin > Wall Hung Basins,,,https://i.postimg.cc/VkVR4svw/Kores.jpg,,,,,,,,,,Material,Ceramic,1,0,Warranty,7 Years,1,0,,,,1,0,,,1,0,,,,1,0,Brand Name,Sonet,1,0,,
"Wall Hung Wash Basin - Corner (16""x16"")",8057,simple,SNTWHWBCORNR16X16,1,0,visible,,,,,taxable,,0,0,,0,0,,410,410,,1,,727,855,Bathroom > Wash Basin > Wall Hung Basins,,,https://i.postimg.cc/4ysbnmL6/Corner-2.jpg,,,,,,,,,,Material,Ceramic,1,0,Warranty,7 Years,1,0,,,,1,0,,,1,0,,,,1,0,Brand Name,Sonet,1,0,,
"Wall Hung Wash Basin - Niki 16""x 16""",8058,simple,SNTWHWBNIKI,1,0,visible,,,,,taxable,,0,0,,0,0,,410,410,,1,,1700,2000,Bathroom > Wash Basin > Wall Hung Basins,,,https://i.postimg.cc/qRd2ZNdP/Niki.jpg,,,,,,,,,,Material,Ceramic,1,0,Warranty,7 Years,1,0,,,,1,0,,,1,0,,,,1,0,Brand Name,Sonet,1,0,,
"Wall Hung Wash Basin - Silver 18"" x 14""",8059,simple,SNTWHWBSILVER,1,0,visible,,,,,taxable,,0,0,,0,0,,470,355,,1,,727,855,Bathroom > Wash Basin > Wall Hung Basins,,,https://i.postimg.cc/DwXJk75n/Silver.jpg,,,,,,,,,,Material,Ceramic,1,0,Warranty,7 Years,1,0,,,,1,0,,,1,0,,,,1,0,Brand Name,Sonet,1,0,,
"Wall Hung Wash Basin - Silver 20"" x 16""",8060,simple,SNTWHWBSILVER,1,0,visible,,,,,taxable,,0,0,,0,0,,470,355,,1,,1458,1715,Bathroom > Wash Basin > Wall Hung Basins,,,https://i.postimg.cc/DwXJk75n/Silver.jpg,,,,,,,,,,Material,Ceramic,1,0,Warranty,7 Years,1,0,,,,1,0,,,1,0,,,,1,0,Brand Name,Sonet,1,0,,
Wall Hung Wash Basin - Light Weight,8061,simple,SNTWHWBLIGHTWGHT,1,0,visible,,,,,taxable,,0,0,,0,0,,390,390,130,1,,1823,2145,Bathroom > Wash Basin > Wall Hung Basins,,,https://i.postimg.cc/zvQB6Qgy/Light-Weight.jpg,,,,,,,,,,Material,Ceramic,1,0,Warranty,7 Years,1,0,,,,1,0,,,1,0,,,,1,0,Brand Name,Sonet,1,0,,
Table Top Wash Basin - Neon,8062,simple,SNTTTWBNEON,1,0,visible,,,,,taxable,,0,0,,0,0,,460,460,,1,,3035,3570,Bathroom > Wash Basin > Counter Top Basins,,,https://i.postimg.cc/mgszs0n9/Neon.jpg,,,,,,,,,,Material,Ceramic,1,0,Warranty,7 Years,1,0,,,,1,0,,,1,0,,,,1,0,Brand Name,Sonet,1,0,,
Table Top Wash Basin - Trio,8063,simple,SNTTTWBT TRIO,1,0,visible,,,,,taxable,,0,0,,0,0,,370,370,145,1,,1942,2285,Bathroom > Wash Basin > Counter Top Basins,,,https://i.postimg.cc/FKP701Hb/Trio.jpg,,,,,,,,,,Material,Ceramic,1,0,Warranty,7 Years,1,0,,,,1,0,,,1,0,,,,1,0,Brand Name,Sonet,1,0,,
Table Top Wash Basin - Trio-001,8064,simple,SNTTTWBTRIO001,1,0,visible,,,,,taxable,,0,0,,0,0,,370,370,145,1,,4616,5430,Bathroom > Wash Basin > Counter Top Basins,,,https://i.postimg.cc/CxsWPqD8/Trio-001.jpg,,,,,,,,,,Material,Ceramic,1,0,Warranty,7 Years,1,0,,,,1,0,,,1,0,,,,1,0,Brand Name,Sonet,1,0,,
Table Top Wash Basin - Trio-002,8065,simple,SNTTTWBTRIO002,1,0,visible,,,,,taxable,,0,0,,0,0,,370,370,145,1,,4616,5430,Bathroom > Wash Basin > Counter Top Basins,,,https://i.postimg.cc/RCJ2r8K4/Trio-002.jpg,,,,,,,,,,Material,Ceramic,1,0,Warranty,7 Years,1,0,,,,1,0,,,1,0,,,,1,0,Brand Name,Sonet,1,0,,
Table Top Wash Basin - Fox,8066,simple,SNTTTWBFOX,1,0,visible,,,,,taxable,,0,0,,0,0,,480,480,,1,,3766,4430,Bathroom > Wash Basins > Counter Top Basins,,,https://i.postimg.cc/Xq5qM8cx/Fox.jpg,,,,,,,,,,Material,Ceramic,1,0,Warranty,7 Years,1,0,,,,1,0,,,1,0,,,,1,0,Brand Name,Sonet,1,0,,
Table Top Wash Basin - Fox-001,8067,simple,SNTTTWBFOX001,1,0,visible,,,,,taxable,,0,0,,0,0,,480,480,,1,,5342,6285,Bathroom > Wash Basin > Art Basins,,,https://i.postimg.cc/63kj5Wnw/Fox-001.jpg,,,,,,,,,,Material,Ceramic,1,0,Warranty,7 Years,1,0,,,,1,0,,,1,0,,,,1,0,Brand Name,Sonet,1,0,,
"Table Top Wash Basin - Cover 20""x14""",8068,simple,SNTTTWBCOVR,1,0,visible,,,,,taxable,,0,0,,0,0,,500,355,145,1,,3766,4430,Bathroom > Wash Basin > Art Basins,,,https://i.postimg.cc/0yVVKdDV/Cover-2.jpg,,,,,,,,,,Material,Ceramic,1,0,Warranty,7 Years,1,0,,,,1,0,,,1,0,,,,1,0,Brand Name,Sonet,1,0,,
"Table Top Wash Basin - Cover 28""x14""",8069,simple,SNTTTWBCOVR,1,0,visible,,,,,taxable,,0,0,,0,0,,700,350,140,1,,6073,7145,Bathroom > Wash Basin > Art Basins,,,https://i.postimg.cc/sfPKC15c/Cover.jpg,,,,,,,,,,Material,Ceramic,1,0,Warranty,7 Years,1,0,,,,1,0,,,1,0,,,,1,0,Brand Name,Sonet,1,0,,
"Table Top Wash Basin - Cover 35""x14""",8070,simple,SNTTTWBCOVR,1,0,visible,,,,,taxable,,0,0,,0,0,,900,360,140,1,,8500,10000,Bathroom > Wash Basin > Art Basins,,,https://i.postimg.cc/sfPKC15c/Cover.jpg,,,,,,,,,,Material,Ceramic,1,0,Warranty,7 Years,1,0,,,,1,0,,,1,0,,,,1,0,Brand Name,Sonet,1,0,,
Table Top Wash Basin - Cover-7021,8071,simple,SNTTTWBCOVR7021,1,0,visible,,,,,taxable,,0,0,,0,0,,700,350,140,1,,8500,10000,Bathroom > Wash Basin > Art Basins,,,https://i.postimg.cc/Z5sL5Yzg/Cover-7021.jpg,,,,,,,,,,Material,Ceramic,1,0,Warranty,7 Years,1,0,,,,1,0,,,1,0,,,,1,0,Brand Name,Sonet,1,0,,
Table Top Wash Basin - Cover-7022,8072,simple,SNTTTWBCOVR7022,1,0,visible,,,,,taxable,,0,0,,0,0,,700,350,140,1,,8500,10000,Bathroom > Wash Basin > Art Basins,,,https://i.postimg.cc/VvwqVdXS/Cover-7022.jpg,,,,,,,,,,Material,Ceramic,1,0,Warranty,7 Years,1,0,,,,1,0,,,1,0,,,,1,0,Brand Name,Sonet,1,0,,
Table Top Wash Basin - Rolex,8073,simple,SNTTTWBROLEX,1,0,visible,,,,,taxable,,0,0,,0,0,,560,400,150,1,,4008,4715,Bathroom > Wash Basin > Counter Top Basins,,,https://i.postimg.cc/NFx6qBxd/Rolex.jpg,,,,,,,,,,Material,Ceramic,1,0,Warranty,7 Years,1,0,,,,1,0,,,1,0,,,,1,0,Brand Name,Sonet,1,0,,
"Table Top Wash Basin - Titanium 28""x18""",8074,simple,SNTTTWBTITANIUM,1,0,visible,,,,,taxable,,0,0,,0,0,,700,460,160,1,,5342,6285,Bathroom > Wash Basin > Art Basins,,,https://i.postimg.cc/FKJ0FjZd/Titanium.jpg,,,,,,,,,,Material,Ceramic,1,0,Warranty,7 Years,1,0,,,,1,0,,,1,0,,,,1,0,Brand Name,Sonet,1,0,,
"Table Top Wash Basin - Titanium 21""x16""",8075,simple,SNTTTWBTITANIUM,1,0,visible,,,,,taxable,,0,0,,0,0,,535,400,160,1,,3766,4430,Bathroom > Wash Basin > Art Basins,,,https://i.postimg.cc/FKJ0FjZd/Titanium.jpg,,,,,,,,,,Material,Ceramic,1,0,Warranty,7 Years,1,0,,,,1,0,,,1,0,,,,1,0,Brand Name,Sonet,1,0,,
Table Top Wash Basin - Titanium-001,8076,simple,SNTTTWBTITANIUM001,1,0,visible,,,,,taxable,,0,0,,0,0,,535,400,160,1,,7285,8570,Bathroom > Wash Basin > Art Basins,,,https://i.postimg.cc/DZ607Zt4/Titanium-001.jpg,,,,,,,,,,Material,Ceramic,1,0,Warranty,7 Years,1,0,,,,1,0,,,1,0,,,,1,0,Brand Name,Sonet,1,0,,
Table Top Wash Basin - Diamond,8077,simple,SNTTTWBDIAMND,1,0,visible,,,,,taxable,,0,0,,0,0,,530,430,130,1,,3035,3570,Bathroom > Wash Basin > Counter Top Basins,,,https://i.postimg.cc/4xsdMpKb/Diamond.jpg,,,,,,,,,,Material,Ceramic,1,0,Warranty,7 Years,1,0,,,,1,0,,,1,0,,,,1,0,Brand Name,Sonet,1,0,,
Table Top Wash Basin - Leo,8078,simple,SNTTTWBLEO,1,0,visible,,,,,taxable,,0,0,,0,0,,430,320,130,1,,1216,1430,Bathroom > Wash Basin > Counter Top Basins,,,https://i.postimg.cc/sgmXR17F/Leo.jpg,,,,,,,,,,Material,Ceramic,1,0,Warranty,7 Years,1,0,,,,1,0,,,1,0,,,,1,0,Brand Name,Sonet,1,0,,
Table Top Wash Basin - Leo-12003,8079,simple,SNTTTWBLEO12003,1,0,visible,,,,,taxable,,0,0,,0,0,,430,320,130,1,,3400,4000,Bathroom > Wash Basin > Art Basins,,,https://i.postimg.cc/MH4WGjtH/Leo-12003.jpg,,,,,,,,,,Material,Ceramic,1,0,Warranty,7 Years,1,0,,,,1,0,,,1,0,,,,1,0,Brand Name,Sonet,1,0,,
Table Top Wash Basin - Solo,8080,simple,SNTTTWBSOLO,1,0,visible,,,,,taxable,,0,0,,0,0,,405,405,150,1,,1823,2145,Bathroom > Toilet > Counter Top Basins,,,https://i.postimg.cc/fLtTXKFZ/Solo.jpg,,,,,,,,,,Material,Ceramic,1,0,Warranty,7 Years,1,0,,,,1,0,,,1,0,,,,1,0,Brand Name,Sonet,1,0,,
Table Top Wash Basin - Solo-6003,8081,simple,SNTTTWBSOLO6003,1,0,visible,,,,,taxable,,0,0,,0,0,,405,405,150,1,,4373,5145,Bathroom > Wash Basin > Art Basins,,,https://i.postimg.cc/qRv0XG5g/Solo-6003.jpg,,,,,,,,,,Material,Ceramic,1,0,Warranty,7 Years,1,0,,,,1,0,,,1,0,,,,1,0,Brand Name,Sonet,1,0,,
Table Top Wash Basin - Solo-6004,8082,simple,SNTTTWBSOLO6004,1,0,visible,,,,,taxable,,0,0,,0,0,,405,405,150,1,,4373,5145,Bathroom > Wash Basin > Art Basins,,,https://i.postimg.cc/nr6JxfcQ/Solo-6004.jpg,,,,,,,,,,Material,Ceramic,1,0,Warranty,7 Years,1,0,,,,1,0,,,1,0,,,,1,0,Brand Name,Sonet,1,0,,
Table Top Wash Basin - Solo-6005,8083,simple,SNTTTWBSOLO6005,1,0,visible,,,,,taxable,,0,0,,0,0,,405,405,150,1,,4373,5145,Bathroom > Wash Basin > Art Basins,,,https://i.postimg.cc/WbkVnzXm/Solo-6005.jpg,,,,,,,,,,Material,Ceramic,1,0,Warranty,7 Years,1,0,,,,1,0,,,1,0,,,,1,0,Brand Name,Sonet,1,0,,
Table Top Wash Basin - Solo-6006,8084,simple,SNTTTWBSOLO6006,1,0,visible,,,,,taxable,,0,0,,0,0,,405,405,150,1,,4373,5145,Bathroom > Wash Basin > Art Basins,,,https://i.postimg.cc/LX5KZ8J1/Solo-6006.jpg,,,,,,,,,,Material,Ceramic,1,0,Warranty,7 Years,1,0,,,,1,0,,,1,0,,,,1,0,Brand Name,Sonet,1,0,,
Table Top Wash Basin - Titanic,8085,simple,SNTTTWBTITANIC,1,0,visible,,,,,taxable,,0,0,,0,0,,695,365,190,1,,6073,7145,Bathroom > Wash Basin > Counter Top Basins,,,https://i.postimg.cc/qq2JD745/Titanic.jpg,,,,,,,,,,Material,Ceramic,1,0,Warranty,7 Years,1,0,,,,1,0,,,1,0,,,,1,0,Brand Name,Sonet,1,0,,
Table Top Wash Basin - Titanic-001,8086,simple,SNTTTWBTITANIC001,1,0,visible,,,,,taxable,,0,0,,0,0,,695,365,190,1,,8500,10000,Bathroom > Wash Basin > Art Basins,,,https://i.postimg.cc/BZ8brqmb/Tinanic-001.jpg,,,,,,,,,,Material,Ceramic,1,0,Warranty,7 Years,1,0,,,,1,0,,,1,0,,,,1,0,Brand Name,Sonet,1,0,,
Table Top Wash Basin - Selvo,8087,simple,SNTTTWBSELVO,1,0,visible,,,,,taxable,,0,0,,0,0,,505,360,135,1,,3035,3570,Bathroom > Wash Basin > Counter Top Basins,,,https://i.postimg.cc/sDRDQ5Jd/Selvo.jpg,,,,,,,,,,Material,Ceramic,1,0,Warranty,7 Years,1,0,,,,1,0,,,1,0,,,,1,0,Brand Name,Sonet,1,0,,
Table Top Wash Basin - Selvo-001,8088,simple,SNTTTWBSELVO001,1,0,visible,,,,,taxable,,0,0,,0,0,,505,360,135,1,,6073,7145,Bathroom > Wash Basin > Art Basins,,,https://i.postimg.cc/bvCY5Mb1/Selvo-001.jpg,,,,,,,,,,Material,Ceramic,1,0,Warranty,7 Years,1,0,,,,1,0,,,1,0,,,,1,0,Brand Name,Sonet,1,0,,
Table Top Wash Basin - Leaf,8089,simple,SNTTTWBLEAF,1,0,visible,,,,,taxable,,0,0,,0,0,,655,370,,1,,3766,4430,Bathroom > Wash Basin > Counter Top Basins,,,https://i.postimg.cc/cLFsb2G0/Leaf.jpg,,,,,,,,,,Material,Ceramic,1,0,Warranty,7 Years,1,0,,,,1,0,,,1,0,,,,1,0,Brand Name,Sonet,1,0,,
Table Top Wash Basin - Leaf-001,8090,simple,SNTTTWBLEAF001,1,0,visible,,,,,taxable,,0,0,,0,0,,655,370,,1,,7285,8570,Bathroom > Wash Basin > Art Basins,,,https://i.postimg.cc/W4Hj8ZLn/Leaf-001.jpg,,,,,,,,,,Material,Ceramic,1,0,Warranty,7 Years,1,0,,,,1,0,,,1,0,,,,1,0,Brand Name,Sonet,1,0,,
Table Top Wash Basin - Cross,8091,simple,SNTTTWBCROSS,1,0,visible,,,,,taxable,,0,0,,0,0,,660,430,135,1,,5342,6285,Bathroom > Wash Basin > Counter Top Basins,,,https://i.postimg.cc/gJZmr0X2/Cross.jpg,,,,,,,,,,Material,Ceramic,1,0,Warranty,7 Years,1,0,,,,1,0,,,1,0,,,,1,0,Brand Name,Sonet,1,0,,
Table Top Wash Basin - Liza,8092,simple,SNTTTWBLIZA,1,0,visible,,,,,taxable,,0,0,,0,0,,330,290,110,1,,973,1145,Bathroom > Wash Basin > Counter Top Basins,,,https://i.postimg.cc/cC7WM5cq/Liza.jpg,,,,,,,,,,Material,Ceramic,1,0,Warranty,7 Years,1,0,,,,1,0,,,1,0,,,,1,0,Brand Name,Sonet,1,0,,
Table Top Wash Basin - Ricon,8093,simple,SNTTTWBRICON,1,0,visible,,,,,taxable,,0,0,,0,0,,400,400,140,1,,2673,3145,Bathroom > Wash Basin > Counter Top Basins,,,https://i.postimg.cc/Cxx0k7Bt/Ricon.jpg,,,,,,,,,,Material,Ceramic,1,0,Warranty,7 Years,1,0,,,,1,0,,,1,0,,,,1,0,Brand Name,Sonet,1,0,,
Table Top Wash Basin - Ricon-001,8094,simple,SNTTTWBRICON001,1,0,visible,,,,,taxable,,0,0,,0,0,,400,400,140,1,,4858,5715,Bathroom > Wash Basin > Art Basins,,,https://i.postimg.cc/kXmCT9Zk/Rikon-001.jpg,,,,,,,,,,Material,Ceramic,1,0,Warranty,7 Years,1,0,,,,1,0,,,1,0,,,,1,0,Brand Name,Sonet,1,0,,
Table Top Wash Basin - Torent,8095,simple,SNTTTWBTORENT,1,0,visible,,,,,taxable,,0,0,,0,0,,440,440,110,1,,2431,2860,Bathroom > Wash Basin > Counter Top Basins,,,https://i.postimg.cc/85MgNn9F/Torent.jpg,,,,,,,,,,Material,Ceramic,1,0,Warranty,7 Years,1,0,,,,1,0,,,1,0,,,,1,0,Brand Name,Sonet,1,0,,
Table Top Wash Basin - Livon,8096,simple,SNTTTWBLIVON,1,0,visible,,,,,taxable,,0,0,,0,0,,520,360,120,1,,3158,3715,Bathroom > Wash Basin > Counter Top Basins,,,https://i.postimg.cc/Vs9PhpXp/Livon.jpg,,,,,,,,,,Material,Ceramic,1,0,Warranty,7 Years,1,0,,,,1,0,,,1,0,,,,1,0,Brand Name,Sonet,1,0,,
Table Top Wash Basin - Hexa,8097,simple,SNTTTWBHEXA,1,0,visible,,,,,taxable,,0,0,,0,0,,430,435,115,1,,3766,4430,Bathroom > Wash Basin > Counter Top Basins,,,https://i.postimg.cc/SNDFS9TG/Hexa.jpg,,,,,,,,,,Material,Ceramic,1,0,Warranty,7 Years,1,0,,,,1,0,,,1,0,,,,1,0,Brand Name,Sonet,1,0,,
Table Top Wash Basin - Rocky,8098,simple,SNTTTWBROCKY,1,0,visible,,,,,taxable,,0,0,,0,0,,460,460,,1,,3035,3570,Bathroom > Wash Basin > Counter Top Basins,,,https://i.postimg.cc/25LP7KzH/Rocky.jpg,,,,,,,,,,Material,Ceramic,1,0,Warranty,7 Years,1,0,,,,1,0,,,1,0,,,,1,0,Brand Name,Sonet,1,0,,
Table Top Wash Basin - New Torus,8099,simple,SNTTTWBNWTORUS,1,0,visible,,,,,taxable,,0,0,,0,0,,510,340,180,1,,1942,2285,Bathroom > Wash Basin > Counter Top Basins,,,https://i.postimg.cc/d36X0MB0/New-Torus.jpg,,,,,,,,,,Material,Ceramic,1,0,Warranty,7 Years,1,0,,,,1,0,,,1,0,,,,1,0,Brand Name,Sonet,1,0,,
Table Top Wash Basin - New Torus-10003,8100,simple,SNTTTWBNWTORUS10003,1,0,visible,,,,,taxable,,0,0,,0,0,,510,340,180,1,,4616,5430,Bathroom > Wash Basin > Art Basins,,,https://i.postimg.cc/5tHDxkTB/New-Torus-10003.jpg,,,,,,,,,,Material,Ceramic,1,0,Warranty,7 Years,1,0,,,,1,0,,,1,0,,,,1,0,Brand Name,Sonet,1,0,,
Table Top Wash Basin - New Torus-10044,8101,simple,SNTTTWBNWTORUS10044,1,0,visible,,,,,taxable,,0,0,,0,0,,510,340,180,1,,4616,5430,Bathroom > Wash Basin > Art Basins,,,https://i.postimg.cc/Kj5HqX32/New-Torus-10044.jpg,,,,,,,,,,Material,Ceramic,1,0,Warranty,7 Years,1,0,,,,1,0,,,1,0,,,,1,0,Brand Name,Sonet,1,0,,
Table Top Wash Basin - New Torus-10045,8102,simple,SNTTTWBNWTORUS10045,1,0,visible,,,,,taxable,,0,0,,0,0,,510,340,180,1,,4616,5430,Bathroom > Wash Basin > Art Basins,,,https://i.postimg.cc/50dKf9wJ/New-Torus-10045.jpg,,,,,,,,,,Material,Ceramic,1,0,Warranty,7 Years,1,0,,,,1,0,,,1,0,,,,1,0,Brand Name,Sonet,1,0,,
Table Top Wash Basin - New Torus-10047,8103,simple,SNTTTWBNWTORUS10047,1,0,visible,,,,,taxable,,0,0,,0,0,,510,340,180,1,,4616,5430,Bathroom > Wash Basin > Art Basins,,,https://i.postimg.cc/g0R4t91T/New-Torus-10047.jpg,,,,,,,,,,Material,Ceramic,1,0,Warranty,7 Years,1,0,,,,1,0,,,1,0,,,,1,0,Brand Name,Sonet,1,0,,
Table Top Wash Basin - Ozone,8104,simple,SNTTTWBOZONE,1,0,visible,,,,,taxable,,0,0,,0,0,,620,440,95,1,,3766,4430,Bathroom > Wash Basin > Counter Top Basins,,,https://i.postimg.cc/c412bHxt/Ozone.jpg,,,,,,,,,,Material,Ceramic,1,0,Warranty,7 Years,1,0,,,,1,0,,,1,0,,,,1,0,Brand Name,Sonet,1,0,,
Table Top Wash Basin - Ozone (Premium),8105,simple,SNTTTWBOZONEPRMIM,1,0,visible,,,,,taxable,,0,0,,0,0,,620,440,95,1,,5342,6285,Bathroom > Wash Basin > Art Basins,,,https://i.postimg.cc/Y28RszyM/Ozone.jpg,,,,,,,,,,Material,Ceramic,1,0,Warranty,7 Years,1,0,,,,1,0,,,1,0,,,,1,0,Brand Name,Sonet,1,0,,
Table Top Wash Basin - Angel,8106,simple,SNTTTWBANGEL,1,0,visible,,,,,taxable,,0,0,,0,0,,610,340,135,1,,3766,4430,Bathroom > Wash Basin > Counter Top Basins,,,https://i.postimg.cc/cL2zCBQf/Angel.jpg,,,,,,,,,,Material,Ceramic,1,0,Warranty,7 Years,1,0,,,,1,0,,,1,0,,,,1,0,Brand Name,Sonet,1,0,,
Table Top Wash Basin - Angel-8001,8107,simple,SNTTTWBANGEL8001,1,0,visible,,,,,taxable,,0,0,,0,0,,610,340,135,1,,7285,8570,Bathroom > Wash Basin > Art Basins,,,https://i.postimg.cc/cJQMMRnq/Angel-8001.jpg,,,,,,,,,,Material,Ceramic,1,0,Warranty,7 Years,1,0,,,,1,0,,,1,0,,,,1,0,Brand Name,Sonet,1,0,,
Table Top Wash Basin - Angel-8002,8108,simple,SNTTTWBANGEL8002,1,0,visible,,,,,taxable,,0,0,,0,0,,610,340,135,1,,7285,8570,Bathroom > Wash Basin > Art Basins,,,https://i.postimg.cc/MT57gz5d/Angel-8002.jpg,,,,,,,,,,Material,Ceramic,1,0,Warranty,7 Years,1,0,,,,1,0,,,1,0,,,,1,0,Brand Name,Sonet,1,0,,
Table Top Wash Basin - Mondeo,8109,simple,SNTTTWBMONDEO,1,0,visible,,,,,taxable,,0,0,,0,0,,550,420,145,1,,7285,8570,Bathroom > Wash Basin > Counter Top Basins,,,https://i.postimg.cc/BZpwH0TS/Mondeo.jpg,,,,,,,,,,Material,Ceramic,1,0,Warranty,7 Years,1,0,,,,1,0,,,1,0,,,,1,0,Brand Name,Sonet,1,0,,
Table Top Wash Basin - Apollo,8110,simple,SNTTTWBAPOLO,1,0,visible,,,,,taxable,,0,0,,0,0,,595,405,150,1,,4373,5145,Bathroom > Wash Basin > Counter Top Basins,,,https://i.postimg.cc/7ZGBFJph/Apollo.jpg,,,,,,,,,,Material,Ceramic,1,0,Warranty,7 Years,1,0,,,,1,0,,,1,0,,,,1,0,Brand Name,Sonet,1,0,,
Table Top Wash Basin - Boxer,8111,simple,SNTTTWBBOXR,1,0,visible,,,,,taxable,,0,0,,0,0,,385,385,130,1,,2431,2860,Bathroom > Wash Basin > Counter Top Basins,,,https://i.postimg.cc/bv1mJcYj/Boxer.jpg,,,,,,,,,,Material,Ceramic,1,0,Warranty,7 Years,1,0,,,,1,0,,,1,0,,,,1,0,Brand Name,Sonet,1,0,,
Table Top Wash Basin - Beetle,8112,simple,SNTTTWBBEETLE,1,0,visible,,,,,taxable,,0,0,,0,0,,590,410,120,1,,3766,4430,Bathroom > Wash Basin > Counter Top Basins,,,https://i.postimg.cc/T1N9ST0n/Beetle.jpg,,,,,,,,,,Material,Ceramic,1,0,Warranty,7 Years,1,0,,,,1,0,,,1,0,,,,1,0,Brand Name,Sonet,1,0,,
Table Top Wash Basin - Vento,8113,simple,SNTTTWBVENTO,1,0,visible,,,,,taxable,,0,0,,0,0,,405,405,150,1,,2673,3145,Bathroom > Wash Basin > Counter Top Basins,,,https://i.postimg.cc/kXDwStMs/Vento.jpg,,,,,,,,,,Material,Ceramic,1,0,Warranty,7 Years,1,0,,,,1,0,,,1,0,,,,1,0,Brand Name,Sonet,1,0,,
Table Top Wash Basin - Vento-121,8114,simple,SNTTTWBVENTO121,1,0,visible,,,,,taxable,,0,0,,0,0,,405,405,150,1,,5342,6285,Bathroom > Wash Basin > Art Basins,,,https://i.postimg.cc/fbjm0MGD/Vento-121.jpg,,,,,,,,,,Material,Ceramic,1,0,Warranty,7 Years,1,0,,,,1,0,,,1,0,,,,1,0,Brand Name,Sonet,1,0,,
Table Top Wash Basin - Vento-122,8115,simple,SNTTTWBVENTO122,1,0,visible,,,,,taxable,,0,0,,0,0,,405,405,150,1,,5342,6285,Bathroom > Wash Basin > Art Basins,,,https://i.postimg.cc/Y0jWVYhC/Vento-122.jpg,,,,,,,,,,Material,Ceramic,1,0,Warranty,7 Years,1,0,,,,1,0,,,1,0,,,,1,0,Brand Name,Sonet,1,0,,
Table Top Wash Basin - Vento-124,8116,simple,SNTTTWBVENTO124,1,0,visible,,,,,taxable,,0,0,,0,0,,405,405,150,1,,5342,6285,Bathroom > Wash Basin > Art Basins,,,https://i.postimg.cc/yYgRymMf/Vento-124.jpg,,,,,,,,,,Material,Ceramic,1,0,Warranty,7 Years,1,0,,,,1,0,,,1,0,,,,1,0,Brand Name,Sonet,1,0,,
Table Top Wash Basin - Vento-125,8117,simple,SNTTTWBVENTO125,1,0,visible,,,,,taxable,,0,0,,0,0,,405,405,150,1,,5342,6285,Bathroom > Wash Basin > Art Basins,,,https://i.postimg.cc/N0YrtW5V/Vento-125.jpg,,,,,,,,,,Material,Ceramic,1,0,Warranty,7 Years,1,0,,,,1,0,,,1,0,,,,1,0,Brand Name,Sonet,1,0,,
Table Top Wash Basin - Vento-126,8118,simple,SNTTTWBVENTO126,1,0,visible,,,,,taxable,,0,0,,0,0,,405,405,150,1,,5342,6285,Bathroom > Wash Basin > Art Basins,,,https://i.postimg.cc/502YYL5S/Vento-126.jpg,,,,,,,,,,Material,Ceramic,1,0,Warranty,7 Years,1,0,,,,1,0,,,1,0,,,,1,0,Brand Name,Sonet,1,0,,
Table Top Wash Basin - Vento-127,8119,simple,SNTTTWBVENTO127,1,0,visible,,,,,taxable,,0,0,,0,0,,405,405,150,1,,5342,6285,Bathroom > Wash Basin > Art Basins,,,https://i.postimg.cc/HnfVhNq6/Vento-127.jpg,,,,,,,,,,Material,Ceramic,1,0,Warranty,7 Years,1,0,,,,1,0,,,1,0,,,,1,0,Brand Name,Sonet,1,0,,
Table Top Wash Basin - Silk,8120,simple,SNTTTWBSILK,1,0,visible,,,,,taxable,,0,0,,0,0,,355,355,110,1,,2673,3145,Bathroom > Wash Basin > Counter Top Basins,,,https://i.postimg.cc/0N1ChWYX/Silk.jpg,,,,,,,,,,Material,Ceramic,1,0,Warranty,7 Years,1,0,,,,1,0,,,1,0,,,,1,0,Brand Name,Sonet,1,0,,
Table Top Wash Basin - Camroon,8121,simple,SNTTTWBCAMRON,1,0,visible,,,,,taxable,,0,0,,0,0,,530,380,120,1,,2431,2860,Bathroom > Wash Basin > Counter Top Basins,,,https://i.postimg.cc/mkk3704k/Camroon.jpg,,,,,,,,,,Material,Ceramic,1,0,Warranty,7 Years,1,0,,,,1,0,,,1,0,,,,1,0,Brand Name,Sonet,1,0,,
Table Top Wash Basin - Limca,8122,simple,SNTTTWBLIMCA,1,0,visible,,,,,taxable,,0,0,,0,0,,470,390,140,1,,2185,2570,Bathroom > Wash Basin > Counter Top Basins,,,https://i.postimg.cc/y6py7YhZ/Limca.jpg,,,,,,,,,,Material,Ceramic,1,0,Warranty,7 Years,1,0,,,,1,0,,,1,0,,,,1,0,Brand Name,Sonet,1,0,,
Table Top Wash Basin - Limca-19003,8123,simple,SNTTTWBLIMCA19003,1,0,visible,,,,,taxable,,0,0,,0,0,,470,390,140,1,,4616,5430,Bathroom > Wash Basin > Art Basins,,,https://i.postimg.cc/KzL0s1sL/Limca-19003.jpg,,,,,,,,,,Material,Ceramic,1,0,Warranty,7 Years,1,0,,,,1,0,,,1,0,,,,1,0,Brand Name,Sonet,1,0,,
Table Top Wash Basin - Limca-19004,8124,simple,SNTTTWBLIMCA19004,1,0,visible,,,,,taxable,,0,0,,0,0,,470,390,140,1,,4616,5430,Bathroom > Wash Basin > Art Basins,,,https://i.postimg.cc/4yQBsrGx/Limca-19004.jpg,,,,,,,,,,Material,Ceramic,1,0,Warranty,7 Years,1,0,,,,1,0,,,1,0,,,,1,0,Brand Name,Sonet,1,0,,
Table Top Wash Basin - Eon,8125,simple,SNTTTWBEON,1,0,visible,,,,,taxable,,0,0,,0,0,,420,420,160,1,,2673,3145,Bathroom > Wash Basin > Counter Top Basins,,,https://i.postimg.cc/5NZ5F7R9/Eon.jpg,,,,,,,,,,Material,Ceramic,1,0,Warranty,7 Years,1,0,,,,1,0,,,1,0,,,,1,0,Brand Name,Sonet,1,0,,
Table Top Wash Basin - Prima,8126,simple,SNTTTWBPRIMA,1,0,visible,,,,,taxable,,0,0,,0,0,,360,360,125,1,,1942,2285,Bathroom > Wash Basin > Counter Top Basins,,,https://i.postimg.cc/vmv5kQHD/Prima.jpg,,,,,,,,,,Material,Ceramic,1,0,Warranty,7 Years,1,0,,,,1,0,,,1,0,,,,1,0,Brand Name,Sonet,1,0,,
Table Top Wash Basin - Prima-002,8127,simple,SNTTTWBPRIMA002,1,0,visible,,,,,taxable,,0,0,,0,0,,360,360,125,1,,4616,5430,Bathroom > Wash Basin > Art Basins,,,https://i.postimg.cc/CLtmYHTD/Prima-002.jpg,,,,,,,,,,Material,Ceramic,1,0,Warranty,7 Years,1,0,,,,1,0,,,1,0,,,,1,0,Brand Name,Sonet,1,0,,
Table Top Wash Basin - Prima-003,8128,simple,SNTTTWBPRIMA003,1,0,visible,,,,,taxable,,0,0,,0,0,,360,360,125,1,,4616,5430,Bathroom > Wash Basin > Art Basins,,,https://i.postimg.cc/7L4c8M09/Prima-003.jpg,,,,,,,,,,Material,Ceramic,1,0,Warranty,7 Years,1,0,,,,1,0,,,1,0,,,,1,0,Brand Name,Sonet,1,0,,
Table Top Wash Basin - Torus,8129,simple,SNTTTWBTORUS,1,0,visible,,,,,taxable,,0,0,,0,0,,415,340,170,1,,1823,2145,Bathroom > Wash Basin > Counter Top Basins,,,https://i.postimg.cc/ZnW3WpPy/Torus.jpg,,,,,,,,,,Material,Ceramic,1,0,Warranty,7 Years,1,0,,,,1,0,,,1,0,,,,1,0,Brand Name,Sonet,1,0,,
Table Top Wash Basin - Torus-Metalic,8130,simple,SNTTTWBTORUSMETLC,1,0,visible,,,,,taxable,,0,0,,0,0,,415,340,170,1,,4373,5145,Bathroom > Wash Basin > Art Basins,,,https://i.postimg.cc/J4wS5L0S/Torus-Metalic.jpg,,,,,,,,,,Material,Ceramic,1,0,Warranty,7 Years,1,0,,,,1,0,,,1,0,,,,1,0,Brand Name,Sonet,1,0,,
Table Top Wash Basin - Torus-5001,8131,simple,SNTTTWBTORUS5001,1,0,visible,,,,,taxable,,0,0,,0,0,,415,340,170,1,,4373,5145,Bathroom > Wash Basin > Art Basins,,,https://i.postimg.cc/XvDzGMtH/Torus-5001.jpg,,,,,,,,,,Material,Ceramic,1,0,Warranty,7 Years,1,0,,,,1,0,,,1,0,,,,1,0,Brand Name,Sonet,1,0,,
Table Top Wash Basin - Torus-5003,8132,simple,SNTTTWBTORUS5003,1,0,visible,,,,,taxable,,0,0,,0,0,,415,340,170,1,,4373,5145,Bathroom > Wash Basin > Art Basins,,,https://i.postimg.cc/MHwbXdZ3/Torus-5003.jpg,,,,,,,,,,Material,Ceramic,1,0,Warranty,7 Years,1,0,,,,1,0,,,1,0,,,,1,0,Brand Name,Sonet,1,0,,
Table Top Wash Basin - Torus-5010,8133,simple,SNTTTWBTORUS5010,1,0,visible,,,,,taxable,,0,0,,0,0,,415,340,170,1,,4373,5145,Bathroom > Wash Basin > Art Basins,,,https://i.postimg.cc/fy0ynNQ6/Torus-5010.jpg,,,,,,,,,,Material,Ceramic,1,0,Warranty,7 Years,1,0,,,,1,0,,,1,0,,,,1,0,Brand Name,Sonet,1,0,,
Table Top Wash Basin - Torus-5013,8134,simple,SNTTTWBTORUS5013,1,0,visible,,,,,taxable,,0,0,,0,0,,415,340,170,1,,4373,5145,Bathroom > Wash Basin > Art Basins,,,https://i.postimg.cc/9XxKs7x5/Torus-5013.jpg,,,,,,,,,,Material,Ceramic,1,0,Warranty,7 Years,1,0,,,,1,0,,,1,0,,,,1,0,Brand Name,Sonet,1,0,,
Table Top Wash Basin - Prius,8135,simple,SNTTTWBPRIUS,1,0,visible,,,,,taxable,,0,0,,0,0,,440,440,150,1,,2431,2860,Bathroom > Wash Basin > Counter Top Basins,,,https://i.postimg.cc/mgfMrcPt/Prius.jpg,,,,,,,,,,Material,Ceramic,1,0,Warranty,7 Years,1,0,,,,1,0,,,1,0,,,,1,0,Brand Name,Sonet,1,0,,
Table Top Wash Basin - Light Weight-161,8136,simple,SNTTTWBLT-WGHT161,1,0,visible,,,,,taxable,,0,0,,0,0,,400,400,140,1,,4373,5145,Bathroom > Wash Basin > Art Basins,,,https://i.postimg.cc/JzXFydRM/Light-Weight-161.jpg,,,,,,,,,,Material,Ceramic,1,0,Warranty,7 Years,1,0,,,,1,0,,,1,0,,,,1,0,Brand Name,Sonet,1,0,,
Table Top Wash Basin - Light Weight-162,8137,simple,SNTTTWBLT-WGHT162,1,0,visible,,,,,taxable,,0,0,,0,0,,400,400,140,1,,4373,5145,Bathroom > Wash Basin > Art Basins,,,https://i.postimg.cc/ZRQPx4Lg/Light-Weight-162.jpg,,,,,,,,,,Material,Ceramic,1,0,Warranty,7 Years,1,0,,,,1,0,,,1,0,,,,1,0,Brand Name,Sonet,1,0,,
Table Top Wash Basin - Linea,8138,simple,SNTTTWBLINEA,1,0,visible,,,,,taxable,,0,0,,0,0,,410,410,110,1,,2185,2570,Bathroom > Wash Basin > Counter Top Basins,,,https://i.postimg.cc/pVmqhFLZ/Linea.jpg,,,,,,,,,,Material,Ceramic,1,0,Warranty,7 Years,1,0,,,,1,0,,,1,0,,,,1,0,Brand Name,Sonet,1,0,,
Table Top Wash Basin - Linea-001,8139,simple,SNTTTWBLINEA001,1,0,visible,,,,,taxable,,0,0,,0,0,,410,410,110,1,,4616,5430,Bathroom > Wash Basin > Art Basins,,,https://i.postimg.cc/3rSpp8wF/Linea-001.jpg,,,,,,,,,,Material,Ceramic,1,0,Warranty,7 Years,1,0,,,,1,0,,,1,0,,,,1,0,Brand Name,Sonet,1,0,,
Table Top Wash Basin with Stand - Bolo,8140,simple,SNTTTWBBOLO,1,0,visible,,,,,taxable,,0,0,,0,0,,400,400,140,1,,3647,4290,Bathroom > Wash Basin > Counter Top Basins,,,https://i.postimg.cc/hjfbdkcj/Bolo.jpg,,,,,,,,,,Material,Ceramic,1,0,Warranty,7 Years,1,0,,,,1,0,,,1,0,,,,1,0,Brand Name,Sonet,1,0,,
Table Top Wash Basin - Bolo-Bamboo,8141,simple,SNTTTWBBOLOBAMBOO,1,0,visible,,,,,taxable,,0,0,,0,0,,400,400,140,1,,4373,5145,Bathroom > Wash Basin > Art Basins,,,https://i.postimg.cc/G3xRStDv/Bolo-Bamboo.jpg,,,,,,,,,,Material,Ceramic,1,0,Warranty,7 Years,1,0,,,,1,0,,,1,0,,,,1,0,Brand Name,Sonet,1,0,,
Table Top Wash Basin - New Bolo-3012,8142,simple,SNTTTWBNWBOLO3012,1,0,visible,,,,,taxable,,0,0,,0,0,,400,400,140,1,,0,,Bathroom > Wash Basin > Art Basins,,,https://i.postimg.cc/Y9sr2q6d/New-Bolo-3012.jpg,,,,,,,,,,Material,Ceramic,1,0,Warranty,7 Years,1,0,,,,1,0,,,1,0,,,,1,0,Brand Name,Sonet,1,0,,
Table Top Wash Basin - New Bolo-3013,8143,simple,SNTTTWBNWBOLO3013,1,0,visible,,,,,taxable,,0,0,,0,0,,400,400,140,1,,4373,5145,Bathroom > Wash Basin > Art Basins,,,https://i.postimg.cc/x1vF9xv7/New-Bolo-3013.jpg,,,,,,,,,,Material,Ceramic,1,0,Warranty,7 Years,1,0,,,,1,0,,,1,0,,,,1,0,Brand Name,Sonet,1,0,,
Table Top Wash Basin - New Bolo-3014,8144,simple,SNTTTWBNWBOLO3014,1,0,visible,,,,,taxable,,0,0,,0,0,,400,400,140,1,,0,,Bathroom > Wash Basin > Art Basins,,,https://i.postimg.cc/xdHmwhLJ/New-Bolo-3014.jpg,,,,,,,,,,Material,Ceramic,1,0,Warranty,7 Years,1,0,,,,1,0,,,1,0,,,,1,0,Brand Name,Sonet,1,0,,
Table Top Wash Basin - Lara-011,8145,simple,SNTTTWBLARA011,1,0,visible,,,,,taxable,,0,0,,0,0,,480,480,160,1,,6073,7145,Bathroom > Wash Basin > Art Basins,,,https://i.postimg.cc/pL55j4GG/Lara-011.jpg,,,,,,,,,,Material,Ceramic,1,0,Warranty,7 Years,1,0,,,,1,0,,,1,0,,,,1,0,Brand Name,Sonet,1,0,,
Table Top Wash Basin - Curva,8146,simple,SNTTTWBCURVA,1,0,visible,,,,,taxable,,0,0,,0,0,,560,435,,1,,9716,11430,Bathroom > Wash Basin > Art Basins,,,https://i.postimg.cc/8C8Jm4x1/Curva.jpg,,,,,,,,,,Material,Ceramic,1,0,Warranty,7 Years,1,0,,,,1,0,,,1,0,,,,1,0,Brand Name,Sonet,1,0,,
Table Top Wash Basin - Opera-171,8147,simple,SNTTTWBOPERA171,1,0,visible,,,,,taxable,,0,0,,0,0,,485,380,,1,,8500,10000,Bathroom > Wash Basin > Art Basins,,,https://i.postimg.cc/j2jLSFnh/Opere-171.jpg,,,,,,,,,,Material,Ceramic,1,0,Warranty,7 Years,1,0,,,,1,0,,,1,0,,,,1,0,Brand Name,Sonet,1,0,,
Table Top Wash Basin with stand - Sonata,8148,simple,SNTTTWBSONATA,1,0,visible,,,,,taxable,,0,0,,0,0,,380,380,220,1,,6316,7430,Bathroom > Wash Basin > Art Basins,,,https://i.postimg.cc/022B9dW2/Sonata.jpg,,,,,,,,,,Material,Ceramic,1,0,Warranty,7 Years,1,0,,,,1,0,,,1,0,,,,1,0,Brand Name,Sonet,1,0,,
Table Top Wash Basin - Sonata-S2,8149,simple,SNTTTWBSONATAS2,1,0,visible,,,,,taxable,,0,0,,0,0,,490,490,220,1,,6316,7430,Bathroom > Wash Basin > Art Basins,,,https://i.postimg.cc/ZqTcLJGY/Sonata-S2.jpg,,,,,,,,,,Material,Ceramic,1,0,Warranty,7 Years,1,0,,,,1,0,,,1,0,,,,1,0,Brand Name,Sonet,1,0,,
Table Top Wash Basin - Viva,8150,simple,SNTTTWBVIVA,1,0,visible,,,,,taxable,,0,0,,0,0,,510,315,130,1,,1823,2145,Bathroom > Wash Basin > Counter Top Basins,,,https://i.postimg.cc/L4g36FxQ/Viva.jpg,,,,,,,,,,Material,Ceramic,1,0,Warranty,7 Years,1,0,,,,1,0,,,1,0,,,,1,0,Brand Name,Sonet,1,0,,
Table Top Wash Basin - Viva-4006,8151,simple,SNTTTWBVIVA4006,1,0,visible,,,,,taxable,,0,0,,0,0,,510,315,130,1,,4373,5145,Bathroom > Wash Basin > Art Basins,,,https://i.postimg.cc/s2qJC5Bx/Viva-4006.jpg,,,,,,,,,,Material,Ceramic,1,0,Warranty,7 Years,1,0,,,,1,0,,,1,0,,,,1,0,Brand Name,Sonet,1,0,,
Table Top Wash Basin - Iris,8152,simple,SNTTTWBIRIS,1,0,visible,,,,,taxable,,0,0,,0,0,,475,295,155,1,,3281,3860,Bathroom > Wash Basin > Counter Top Basins,,,https://i.postimg.cc/52gwk4ty/Iris.jpg,,,,,,,,,,Material,Ceramic,1,0,Warranty,7 Years,1,0,,,,1,0,,,1,0,,,,1,0,Brand Name,Sonet,1,0,,
Table Top Wash Basin - Cello,8153,simple,SNTTTWBCELLO,1,0,visible,,,,,taxable,,0,0,,0,0,,620,460,150,1,,4373,5145,Bathroom > Wash Basin > Counter Top Basins,,,https://i.postimg.cc/6Q1CtMnN/Cello.jpg,,,,,,,,,,Material,Ceramic,1,0,Warranty,7 Years,1,0,,,,1,0,,,1,0,,,,1,0,Brand Name,Sonet,1,0,,
Table Top Wash Basin - Cello-141,8154,simple,SNTTTWBCELLO141,1,0,visible,,,,,taxable,,0,0,,0,0,,620,460,150,1,,7285,8570,Bathroom > Wash Basin > Art Basins,,,https://i.postimg.cc/fRhcCMGt/Cello-141.jpg,,,,,,,,,,Material,Ceramic,1,0,Warranty,7 Years,1,0,,,,1,0,,,1,0,,,,1,0,Brand Name,Sonet,1,0,,
Table Top Wash Basin - Aris,8155,simple,SNTTTWBARIS,1,0,visible,,,,,taxable,,0,0,,0,0,,450,450,,1,,3281,3860,Bathroom > Wash Basin > Counter Top Basins,,,https://i.postimg.cc/0j7SGx38/Aris.jpg,,,,,,,,,,Material,Ceramic,1,0,Warranty,7 Years,1,0,,,,1,0,,,1,0,,,,1,0,Brand Name,Sonet,1,0,,
Table Top Wash Basin - Scoop Round White Matt,8156,simple,SNTTTWBSRNDMAT,1,0,visible,,,,,taxable,,0,0,,0,0,,420,420,115,1,,6073,7145,Bathroom > Wash Basin > Art Basins,,,https://i.postimg.cc/Zqvwyc2P/Scoop-Round-White.jpg,,,,,,,,,,Material,Ceramic,1,0,Warranty,7 Years,1,0,,,,1,0,,,1,0,,,,1,0,Brand Name,Sonet,1,0,,
Table Top Wash Basin - Scoop Round-Orange Matt,8157,simple,SNTTTWBSRNDORNGMAT,1,0,visible,,,,,taxable,,0,0,,0,0,,420,420,115,1,,6073,7145,Bathroom > Wash Basin > Art Basins,,,https://i.postimg.cc/sgqcyWxM/Scoop-Round-Orange.jpg,,,,,,,,,,Material,Ceramic,1,0,Warranty,7 Years,1,0,,,,1,0,,,1,0,,,,1,0,Brand Name,Sonet,1,0,,
Table Top Wash Basin - Scoop Round-Red Matt,8158,simple,SNTTTWBSRNDREDMAT,1,0,visible,,,,,taxable,,0,0,,0,0,,420,420,115,1,,6073,7145,Bathroom > Wash Basin > Art Basins,,,https://i.postimg.cc/dt0my6T7/Scoop-Round-Red.jpg,,,,,,,,,,Material,Ceramic,1,0,Warranty,7 Years,1,0,,,,1,0,,,1,0,,,,1,0,Brand Name,Sonet,1,0,,
Table Top Wash Basin - Scoop Round-Black Matt,8159,simple,SNTTTWBSRNDBLKMAT,1,0,visible,,,,,taxable,,0,0,,0,0,,420,420,115,1,,6073,7145,Bathroom > Wash Basin > Art Basins,,,https://i.postimg.cc/26whqLkF/Scoop-Round-Black.jpg,,,,,,,,,,Material,Ceramic,1,0,Warranty,7 Years,1,0,,,,1,0,,,1,0,,,,1,0,Brand Name,Sonet,1,0,,
Table Top Wash Basin - Scoop Round R-001,8160,simple,SNTTTWBSRNDR001,1,0,visible,,,,,taxable,,0,0,,0,0,,420,420,115,1,,7285,8570,Bathroom > Wash Basin > Art Basins,,,https://i.postimg.cc/rmQRy6jf/Scoop-R-001.jpg,,,,,,,,,,Material,Ceramic,1,0,Warranty,7 Years,1,0,,,,1,0,,,1,0,,,,1,0,Brand Name,Sonet,1,0,,
Table Top Wash Basin - Scoop S-002,8161,simple,SNTTTWBSCOOPS002,1,0,visible,,,,,taxable,,0,0,,0,0,,420,420,115,1,,7285,8570,Bathroom > Wash Basin > Art Basins,,,https://i.postimg.cc/d0J0hHLp/Scoop-S-002-Green.jpg,,,,,,,,,,Material,Ceramic,1,0,Warranty,7 Years,1,0,,,,1,0,,,1,0,,,,1,0,Brand Name,Sonet,1,0,,
Table Top Wash Basin - Scoop Square-Caramel (Matte),8162,simple,SNTTTWBSSQRECARAMLMAT,1,0,visible,,,,,taxable,,0,0,,0,0,,420,420,115,1,,6073,7145,Bathroom > Wash Basin > Art Basins,,,https://i.postimg.cc/XNtdrW3P/Scoop-Square-Caramel.jpg,,,,,,,,,,Material,Ceramic,1,0,Warranty,7 Years,1,0,,,,1,0,,,1,0,,,,1,0,Brand Name,Sonet,1,0,,
Table Top Wash Basin - Scoop Square-Mocca (Matte),8163,simple,SNTTTWBSSQREMOCAMAT,1,0,visible,,,,,taxable,,0,0,,0,0,,420,420,115,1,,6073,7145,Bathroom > Wash Basin > Art Basins,,,https://i.postimg.cc/GpMsdwqq/Scoop-Square-Mocca.jpg,,,,,,,,,,Material,Ceramic,1,0,Warranty,7 Years,1,0,,,,1,0,,,1,0,,,,1,0,Brand Name,Sonet,1,0,,
Table Top Wash Basin - Strawberry,8164,simple,SNTTTWBSTRWBRY,1,0,visible,,,,,taxable,,0,0,,0,0,,460,460,,1,,6316,7430,Bathroom > Wash Basin > Art Basins,,,https://i.postimg.cc/Kvy4X8mm/Strawberry.jpg,,,,,,,,,,Material,Ceramic,1,0,Warranty,7 Years,1,0,,,,1,0,,,1,0,,,,1,0,Brand Name,Sonet,1,0,,
Table Top Wash Basin - Cover RG-001,8165,simple,SNTTTWBCOVRRG001,1,0,visible,,,,,taxable,,0,0,,0,0,,480,360,130,1,,7285,8570,Bathroom > Wash Basin > Art Basins,,,https://i.postimg.cc/cJ6fKLKV/Cover-RG001.jpg,,,,,,,,,,Material,Ceramic,1,0,Warranty,7 Years,1,0,,,,1,0,,,1,0,,,,1,0,Brand Name,Sonet,1,0,,
Table Top Wash Basin - Shui ,8166,simple,SNTTTWBSHUI,1,0,visible,,,,,taxable,,0,0,,0,0,,560,420,180,1,,7769,9140,Bathroom > Wash Basin > Art Basins,,,https://i.postimg.cc/wjM12b6N/Shui.jpg,,,,,,,,,,Material,Ceramic,1,0,Warranty,7 Years,1,0,,,,1,0,,,1,0,,,,1,0,Brand Name,Sonet,1,0,,
Table Top Wash Basin - Salomon BG-01,8167,simple,SNTTTWBSNSALMONBG01,1,0,visible,,,,,taxable,,0,0,,0,0,,425,425,120,1,,7042,8285,Bathroom > Wash Basin > Art Basins,,,https://i.postimg.cc/6qB3vMjy/Salomon-BG01.jpg,,,,,,,,,,Material,Ceramic,1,0,Warranty,7 Years,1,0,,,,1,0,,,1,0,,,,1,0,Brand Name,Sonet,1,0,,
Table Top Wash Basin - Clivia WG-01,8168,simple,SNTTTWBCLVIAWG01,1,0,visible,,,,,taxable,,0,0,,0,0,,440,440,130,1,,6316,7430,Bathroom > Wash Basin > Art Basins,,,https://i.postimg.cc/dVh0rkBm/Clivia-WG01.jpg,,,,,,,,,,Material,Ceramic,1,0,Warranty,7 Years,1,0,,,,1,0,,,1,0,,,,1,0,Brand Name,Sonet,1,0,,
Table Top Wash Basin - Clivia WG-02,8169,simple,SNTTTWBCLVIAWG02,1,0,visible,,,,,taxable,,0,0,,0,0,,440,440,130,1,,6316,7430,Bathroom > Wash Basin > Art Basins,,,https://i.postimg.cc/7L7YtFj5/Clivia-WG02.jpg,,,,,,,,,,Material,Ceramic,1,0,Warranty,7 Years,1,0,,,,1,0,,,1,0,,,,1,0,Brand Name,Sonet,1,0,,
Table Top Wash Basin - Clivia WG-03,8170,simple,SNTTTWBCLVIAWG03,1,0,visible,,,,,taxable,,0,0,,0,0,,440,440,130,1,,6316,7430,Bathroom > Wash Basin > Art Basins,,,https://i.postimg.cc/L5yHZ2gb/Clivia-WG03.jpg,,,,,,,,,,Material,Ceramic,1,0,Warranty,7 Years,1,0,,,,1,0,,,1,0,,,,1,0,Brand Name,Sonet,1,0,,
Table Top Wash Basin - Compact BG-03,8171,simple,SNTTTWBCOMPCTBG03,1,0,visible,,,,,taxable,,0,0,,0,0,,385,385,140,1,,6316,7430,Bathroom > Wash Basin > Art Basins,,,https://i.postimg.cc/TYw2vLZM/Compact-BG03.jpg,,,,,,,,,,Material,Ceramic,1,0,Warranty,7 Years,1,0,,,,1,0,,,1,0,,,,1,0,Brand Name,Sonet,1,0,,
Table Top Wash Basin - Arrow G-01,8172,simple,SNTTTWBARRWG01,1,0,visible,,,,,taxable,,0,0,,0,0,,620,410,140,1,,7042,8285,Bathroom > Wash Basin > Art Basins,,,https://i.postimg.cc/Pr9HG6WY/Arrow-G01.jpg,,,,,,,,,,Material,Ceramic,1,0,Warranty,7 Years,1,0,,,,1,0,,,1,0,,,,1,0,Brand Name,Sonet,1,0,,
Table Top Wash Basin - Arrow S-02,8173,simple,SNTTTWBARRWG02,1,0,visible,,,,,taxable,,0,0,,0,0,,620,410,140,1,,7042,8285,Bathroom > Wash Basin > Art Basins,,,https://i.postimg.cc/0QVgVZ56/Arrow-S02.jpg,,,,,,,,,,Material,Ceramic,1,0,Warranty,7 Years,1,0,,,,1,0,,,1,0,,,,1,0,Brand Name,Sonet,1,0,,
Table Top Wash Basin - Arrow WG-03,8174,simple,SNTTTWBARRWWG03,1,0,visible,,,,,taxable,,0,0,,0,0,,620,410,140,1,,7042,8285,Bathroom > Wash Basin > Art Basins,,,https://i.postimg.cc/kMh38jhz/Arrow-WG-03.jpg,,,,,,,,,,Material,Ceramic,1,0,Warranty,7 Years,1,0,,,,1,0,,,1,0,,,,1,0,Brand Name,Sonet,1,0,,
Table Top Wash Basin - Cello BG-01,8175,simple,SNTTTWBCELLOBG01,1,0,visible,,,,,taxable,,0,0,,0,0,,600,400,145,1,,6800,8000,Bathroom > Wash Basin > Art Basins,,,https://i.postimg.cc/PrBgVCHM/Cello-BG01.jpg,,,,,,,,,,Material,Ceramic,1,0,Warranty,7 Years,1,0,,,,1,0,,,1,0,,,,1,0,Brand Name,Sonet,1,0,,
Table Top Wash Basin - Cello BG-02,8176,simple,SNTTTWBCELLOBG02,1,0,visible,,,,,taxable,,0,0,,0,0,,600,400,145,1,,6800,8000,Bathroom > Wash Basin > Art Basins,,,https://i.postimg.cc/SK4wqHJ2/Cello-BG02.jpg,,,,,,,,,,Material,Ceramic,1,0,Warranty,7 Years,1,0,,,,1,0,,,1,0,,,,1,0,Brand Name,Sonet,1,0,,
Table Top Wash Basin - Core WG-01,8177,simple,SNTTTWBCELLOWG01,1,0,visible,,,,,taxable,,0,0,,,,,440,440,130,,,6800,8000,Bathroom > Wash Basin > Art Basins,,,https://i.postimg.cc/FKGnvRM8/Core-WG01.jpg,,,,,,,,,,Material,Ceramic,1,0,Warranty,7 Years,1,0,,,,1,,,,1,0,,,,1,0,Brand Name,Sonet,1,0,,
Table Top Wash Basin - Core WS-02,8178,simple,SNTTTWBCELLOWS02,1,0,visible,,,,,taxable,,0,0,,0,0,,440,440,130,1,,6800,8000,Bathroom > Wash Basin > Art Basins,,,https://i.postimg.cc/dtPM47wj/Core-WG02.jpg,,,,,,,,,,Material,Ceramic,1,0,Warranty,7 Years,1,0,,,,1,0,,,1,0,,,,1,0,Brand Name,Sonet,1,0,,
Table Top Wash Basin - Octagon WS-02,8179,simple,SNTTTWBOCTGONWS02,1,0,visible,,,,,taxable,,0,0,,0,0,,400,400,150,1,,6800,8000,Bathroom > Wash Basin > Art Basins,,,https://i.postimg.cc/K8fdGJL0/Octagon-WS-02.jpg,,,,,,,,,,Material,Ceramic,1,0,Warranty,7 Years,1,0,,,,1,0,,,1,0,,,,1,0,Brand Name,Sonet,1,0,,
Table Top Wash Basin - Octagon WG-02,8180,simple,SNTTTWBOCTGONWG02,1,0,visible,,,,,taxable,,0,0,,0,0,,400,400,150,1,,6800,8000,Bathroom > Wash Basin > Art Basins,,,https://i.postimg.cc/nzyWR5bh/Octagon-WG-02.jpg,,,,,,,,,,Material,Ceramic,1,0,Warranty,7 Years,1,0,,,,1,0,,,1,0,,,,1,0,Brand Name,Sonet,1,0,,
